rut;contrasenna
19259284-4;Gyjlz56ALp
45337315-0;ZBVOVd8b1p
22151673-7;SQ21X98qTY
33333333-3;testing
50827173-5;9oO1eqLLHI
95316196-6;mWyFCZuqNv
32803804-8;NRiU8j73RC
22832504-K;jjIqv2CMcG
19977574-K;vTEVdLG5VZ
34438314-6;5KjkxLkZDj
44020500-3;uwbMlZ8TzV
28623204-3;8ZqfghKDED
61585802-1;zcwnKyWb75
66365707-0;TUn0B5hM0f
31201010-0;d8ly2AgtrH
84519868-3;V3dCeRizud
35510567-9;rioD5CXG6b
65533481-5;sPcl9mQgYR
96908231-4;vBKu3E521s
91715498-8;9uDVdKhM8T
81619225-0;bfamYOKWBM
25760382-2;4hLtHxjL57
75594816-0;LDf6zZl6vt
10530166-9;RyBlHVwENq
66460344-6;37DAkTGlpi
72764020-7;ENBRQM5bOa
56051237-6;MBKtA6oXT0
62455834-0;FiU0Mtiucy
87419511-1;iVnaJDpkFQ
97124980-3;WnjOcuX6aC
74819953-5;fS3iBtU9EN
66971043-7;QG0SEyJyzr
85778801-K;f9u73JewD6
47540134-4;mtL8ntD2rK
66539513-8;8Y3qGJbCrw
76982175-9;lMz4YNBZSj
81893857-8;NOktabmfJ7
87087966-0;GZOXg6UaMh
55489848-3;5nGNq4im0v
66047318-1;VzF5IQ4eTJ
81739937-1;3kTzl5tr9O
71952770-1;5Rfxbz1iw7
48079441-9;tQh9izxxo5
74225625-1;dkT4lD3ySA
68617281-3;wHA4PidXHR
70264055-5;NMvXIlOWao
99843599-4;Ck20YGJG4I
68743957-0;uewz1x7uww
10662379-1;NJdNKIxVga
92902494-K;0nHFOJTW20
55963962-1;8pbBtwO7Ef
90556409-9;X3n2g0Jjdu
80222768-K;X6ecrSGULe
30404590-6;9Sy5qe7xvN
84974385-6;xS66P3vGGR
57073582-9;O9PssvJh0v
87573405-9;663B51cnLk
74310846-9;T3yepMBamT
26941940-7;XifHXxtPRz
85093807-5;h4eNFAn3o6
81211907-9;9KJfffwILa
24513867-9;bFtHUvs1Xx
98538636-6;PagOo7CAiI
77311168-5;GEdd8sMlO1
39207561-5;NmsduG3Puo
56406134-4;ziBY00WAsg
91331668-1;AyhYxpzCD9
50763950-K;0ctWfQ0JgQ
76597612-K;6jqTHMhzL6
71056007-2;69n9p4it7f
25538441-4;BOp1ddxKLt
70669926-0;tNp12F0YQj
78495261-4;0MPpjpdWDZ
60279603-5;75qA7NWLsm
91183124-4;qNLSWh9HZD
68449482-1;kqLGa1A10y
81164149-9;nVFMwwcR5L
42172453-9;47SzR3sK6L
43972443-9;iu85wSYw1g
62333878-9;xwVSzU2wPy
69529316-K;VxL6R1tY59
59851510-7;CYlynfzTHs
65794993-0;NEYJ6BKFbq
74990474-7;7FUC9KCQew
10076889-5;DC9R4IwWTC
53363181-9;iYObQwKHyn
93983917-8;bGf7iOmXx6
56581668-3;ZT8yhCpSNe
24838018-7;XIO2r5vECv
11113354-9;0OGtEWzyFp
34371398-3;fLTkRsC0we
18499615-4;UIyJwVmnXl
93964842-9;di0KX8NO9N
71460126-1;gXQk860nuK
86840026-9;OIstYI6Qz1
60094377-4;64dNYeSOpn
52974717-9;V08EsWq8KM
52365717-8;p5weD61eky
30023669-3;j27Inq3HFR
26476395-9;LMJw57UktD
10803257-K;OXMX9FueSR
26632418-9;1MAa2O00gq
92520972-4;mVm7vJJkja
72297438-7;QqkI5rsGcD
70770246-K;BPPtSNyk6v
21973128-0;5LwD2YBlbx
22554727-0;38AIVX50Y6
42058743-0;5hxa2emMCi
11876628-8;qak3QqPFuu
77143504-1;otlS2d09n2
86519345-9;sgIoOCffWe
72003546-4;QZyAj9pZac
38473981-4;Lyu2fEhXgl
85406827-K;D5uKFfjEFV
20604152-8;HkD3nhRpeq
51676278-0;bfLwIc540i
34454526-K;OvcqIxSPep
47453611-4;uw5nYx2278
25227387-5;wVpK7KpoVe
92688887-0;IyBiHPln7p
47692471-5;LUtgyDV92y
89105705-9;iqBIVjlue2
65392221-3;cTA7GXqLhG
15085214-5;QzA02ejVPY
13074739-6;rdh4UCGRRH
79050417-8;pf1JB2xnSQ
49291242-5;Lr96VkaxuK
73778646-3;KomLmF6Vba
40153816-K;h1AfDIqokH
50420510-K;ycuOmqLZQJ
20747326-K;ftxwnvWpvU
34390782-6;QNRP7qpC8m
17119853-4;xdq69vinRm
21377397-6;gFyDRVTw9l
29829478-8;HKt0hHtewe
10950410-6;8YEa8PbDaq
22041988-6;0aNy7myHzA
45435607-1;1Uz3mi1uUi
27049029-8;VHRae34TxN
31747872-0;YORyHLh0xz
73381870-0;WNX2J4htjm
81794647-K;zeglQV6Qgh
32468077-2;vPXOKltFPQ
28816733-8;aCa6S3ipn7
15517631-8;W10wEZk37X
73685265-9;EvyGQ7HYcX
81285974-9;8Wge2MeRse
32994762-9;oZNmyfLfM2
66859765-3;WnvBjuIFDo
45307067-0;qLKOxpuNnI
73304471-3;ZWYJyrVQYn
16055129-1;j5DN0dKH20
73039420-9;Qx9MQRw2CY
56792439-4;AQz5bXHTqI
41545538-0;LOjO9pi3v4
78368824-7;h504QfVfWR
45316537-K;ir97N1db3u
17428136-K;9QzlPN4xQy
70733727-3;YoU4k8bsjl
50662857-1;IgwBWKf0hD
62717497-7;nSoLimbdlL
84531943-K;igB9eKPvdH
99641190-7;5w3pDRCCG8
30316049-3;mvIpGj99FS
78854407-3;KHMfPpk1Ks
31196440-2;xLSoOp23Q1
27035583-8;Rp98ZeGXSG
81089489-K;rdUYQyikyG
95848081-4;hHCh3igsUK
51024409-5;3o2cbnr5At
46698828-6;emrDkVFONh
22359557-K;4ZpKICoi4e
25380308-8;sGNR9HSfoN
80260444-0;Fjx44osm8A
22926139-8;ni3YpJnmDx
48771380-5;R33gLLFsWw
94982254-0;Ou3KMAlswf
22994332-4;UivMseMbVG
73372453-6;mZWEjA2hFD
55778218-4;SAwms8sofe
93433789-1;ARdbCNUV28
21182348-8;s1gMjRWZWs
34122508-6;qAsg9WKE6M
83978715-4;FMnybs2f5G
22007687-3;D4C1RVBLyS
24555441-9;SP50wEivvJ
48428919-0;mLYOoHQkTA
27923164-3;7mrYmkClM2
28300637-9;hOWhuvc3Cb
24506769-0;SWaFD1QwH3
81469872-6;ird7r92UQO
18332336-9;OuHGnckwSH
47051662-3;v65zdLke2P
38524209-3;fMHHBpH6hE
38312701-7;iELoTvNChS
20282852-3;G6frUh9wro
68384772-0;fs224pU1Xo
18946028-7;k8x7x5328v
38206439-9;MLLnUndabb
60693528-5;mqKQNL3qdx
77127804-3;PMyaPVlb5b
53810364-0;vU97v8IA4C
26053578-1;vlYXTK4Vu4
92455908-K;7XzzZLEj2B
91071847-9;0Qxq47UQ14
44648412-5;FRK2h3oVSU
42508252-3;yoeajMcFxh
81376885-2;Vlm65Y899l
56651107-K;mWfol3zpnb
39964390-2;wSe9cg9BeD
83916449-1;paXxS97hhR
94699733-1;OLWhlBgF8T
30233336-K;iVra4YA0ZI
68674704-2;yj6tJn4XdI
87218751-0;ym2KKPyeJl
98832978-9;3sLiW6nSe4
71084102-0;i0UrfG1Rww
20488042-5;I1yMGKqv1I
79730048-9;rqaaTdUhau
94748916-K;HpOSYiZYJb
33379106-4;fvCL1ldyRk
64325522-7;hDwLn2TfYo
96269023-8;KybNtWTW6K
63660127-6;wdXljFlYUY
33575042-K;alOyz08FoS
68061999-9;gfPa1HMkjQ
77335735-8;ERtxqnbe0E
41326314-K;F9Vk42QR0Z
99690556-K;FZ6PzKcCRH
25441298-8;2KdmdwNJ3c
52803912-K;b3RqZuKAtm
95053514-8;kiCMDY4KEr
88236546-8;Tij5YJfWh9
66750313-2;jzCOyXClvH
23745187-2;1i2EI6h0gE
95697327-9;yT4Cwxkdbn
40699357-4;g0kYY5ZiFY
48566363-0;70e3M7gxK4
52930456-0;RVXdW1JX3c
82834281-9;veCnmAQex5
20038743-0;IpoeVFmpZG
16700791-0;bH7YS1xCty
13962502-1;ZYRlpRrLOt
15078129-9;iq6hCeQpuO
19981677-2;vuIJ4tv4Pj
16653300-7;iKBYRGXXwK
92832479-6;hbWRETq027
26512083-0;QZyprkkt52
54428034-1;N1YZaGY8Nx
19058392-9;caRe1b5vSb
75106967-7;V3rCsk4elB
49227053-9;fM7M6ZdIVI
81019286-0;iPeyxl0nPW
58229925-0;bEor9ZBfoA
15528107-3;rlyz9A3Cv2
43976509-7;RHIqYBlgJ0
36436744-9;eeMHV0ikwt
46889631-1;sNVXoPCLos
54303354-5;AZBoEQhbUm
61881739-3;yKvaNAc6Vc
83977407-9;bxnSuBnIh1
34912180-8;vm42L5PBg7
82508599-8;1CjqqKNRbG
78186240-1;ev6YKpdXcy
16918947-1;ZPDCzNOuPr
76593077-4;e14LyP0LzL
45446049-9;uXGY3HNV5Z
21475816-4;fNFWQsfEZv
87423078-2;3JrPOxaS9S
40625323-6;HY1PV961po
21063367-7;KIrN4IFpxY
74273547-8;XYqZEi3Km1
86498686-2;t3l8f0uLJo
17931387-1;xZhGh9sFAs
26630187-1;yA98esshhX
33870329-5;IlQTNHo7Qd
81945771-9;p0TZnwKFcx
73541720-7;nUdsjcCdzZ
71217092-1;M9Km0SM7QD
78620985-4;MnGgw6Gbhi
12038760-K;2Ya3ZgBMQq
47287999-5;DJsUNveSa9
13913769-8;W130K3pQhq
66599526-7;J7vJFwr88d
17747637-4;XdIvnfyuFr
72109555-K;ZbZ7YKKyEt
23078377-2;QrwnkmHGjN
10721860-2;ZoOmvaB3ib
84930151-9;g0vMiZtSxH
30639622-6;UM6TVO0uCv
55377107-2;5j3ExOtC2w
26407909-8;ckgLm4ebZy
41202647-0;AqvCssxVUn
78068549-2;TAZ5e5E3RV
56641660-3;9X2zPi5Mfh
68451752-K;psz3mzwH3b
74023549-4;dvMYO7kWFb
54977329-K;v5sFuACPYn
65269059-9;0fCPhmgiIk
24044870-K;NydNfBoVUL
93259538-9;o3g5iPY91r
33291334-4;snQw4FN1Ne
16859708-8;M3ofiAGtg2
84311320-6;ow1NaAOX9K
91560643-1;iYB7xcIBgl
97331200-6;uHotPpDen0
29814062-4;je5KY1Gfey
58328363-3;pG7vNrOuK9
12763818-7;7kpE52mqVU
27203040-5;57lE4rNK0L
74703029-4;hGPQuEbVX0
77613950-5;OVGiu5LLhV
15896682-4;PdKiZN6AL2
53447572-1;TTuJYFCvMq
76822532-K;XWr6CV0dNa
87120093-9;vq8u5esg9P
64704833-1;sqV8CBaaNp
29594533-8;nPkAxZ5DOn
64464902-4;zcEKQ8ystH
84603381-5;9RO5R2ZhLK
70477891-0;KObEbNh5Gu
41364622-7;A7BKoN2m4j
81645754-8;yDLfH5T5OX
45716174-3;5cBzJrWWOr
29307828-9;xUnOoZPVxM
76187085-8;GJV2wql231
10727177-5;Om11TUc2aN
45596785-6;qex5WFaDDH
64386065-1;soxaFaU4Ys
79915083-2;M4XAkpYC3l
11036482-2;YnpQkIh24J
49566520-8;0xra8aYd6M
18248459-8;FnLp26HpFs
59812816-2;Z3wyj2CDpf
53816995-1;oSzPhyB4xm
31035648-4;qFvawUModO
38375385-6;9fzwPy4JhI
19857928-9;RoWiyKiGDd
84897526-5;XRY0nGuK4r
32307017-2;BYF901djDx
35714873-1;ITOE0ro05p
19660003-5;YoP9Noht3e
46974126-5;S7h360UhfB
82217140-0;6oza6OoG1R
63699406-5;4hW1PUxSRj
23326333-8;iblWGqyLky
74332814-0;90trjLvAXU
95212235-5;aqhO3ZPkvE
89026510-3;HzzKMGQsg9
24700717-2;3qpB1zEAT9
64512700-5;1S2QsWGZ0o
15118617-3;QDOek8Qsgs
15013614-8;CSL7uHVtAj
62578892-7;TPCfHGVSKa
55602257-7;3hRZiUt8bb
88714392-7;0goMMmn3Ss
80774121-7;L7aLZxBRu8
33819114-6;ZiDmfMVnHq
65094214-0;gqTZG75hPl
14589294-5;s8M0mcVSa7
56634126-3;FlJfLzzrm0
68136365-3;Y0BiiGqETP
52847553-1;P4ZiP8muWj
12016506-2;OQK1jGYwfI
12668392-8;kWYAgKcCW3
82388442-7;ATRY1tDms1
80827864-2;22yUvHtGW4
66008968-3;Yl8rHLvVI9
54511894-7;E19VY72Gw0
99101664-3;U3MdAXYEfd
99717397-K;zNW5bmNA6d
46671644-8;OofOQdq4up
93065987-8;xazGpxLeFs
82290411-4;LeE61SuYbt
93948702-6;txGjiDIO7a
65360259-6;c27r9Sr98k
18442975-6;CZGwTsHlAc
66339690-0;RYtyvzTIjg
87040089-6;ZZIiEUgjiw
63767024-7;KBaCQd8hwF
37799144-3;rffOAyoLwb
31315043-7;VsldVPoq1G
84113511-3;8DcfBR0Jgq
49231457-9;GQECFyogoI
38563381-5;paORO63uCn
68802417-K;QWfWRrhnZ6
97332548-5;N5MOQOvUM7
11780426-7;wFf31rQerl
34028032-6;YU2adruPcf
26780407-9;OKsmf2abEk
23994861-8;7MxdUvBQJe
86234709-9;4Z53PwUUza
31191291-7;rldt1s1mmi
94852906-8;ZiZ2CYvR9w
95767697-9;ciV45aNdWw
10413947-7;4Q2miCKdMb
19857201-2;xWdo3blyzl
91429071-6;6ylzrVZlD5
85526138-3;rGSMLvjizU
69741163-1;5ZxF6ZUUn6
89608452-6;eNw2cwtvFg
87948878-8;M2F6vJEk7n
73641062-1;cWfdxh504h
20340528-6;uGtNZJkZn0
30925434-1;RigRQcbeIu
75387214-0;Px0gxEzg7r
75457797-5;FFSeiM8W12
20688839-3;huZFl9pG3q
86516098-4;J3wNaHUh0p
26393143-2;TaFs5eD3ib
71239708-K;imIG29BPzf
34302434-7;DjEkOIMl2U
27916931-K;enpLZZvs7X
44168338-3;W4QMeX4AtD
35516404-7;L4ZrEECid8
72110709-4;1QLRlJLG3R
22964315-0;hPDqJoSCk7
90818221-9;yfHcm8e60d
92272788-0;fWLvTzb8lN
55680566-0;nUKSPrLKQH
20137962-8;NvncTtpE0M
67361929-0;B3EkYUggUu
33696415-6;x3IAXtnV5m
91153961-6;Kf60gJ2zST
36020833-8;pGgoFkWVCy
20415677-8;auEi3PaZmm
68273371-3;Deezn29BSN
87871874-7;dm9oLrZr7l
60924153-5;TIFGArbSV3
33452211-3;9Yrrirurv0
18795761-3;vEkYnIqhme
40282931-1;tM5bn1Q6Ei
25701573-4;JNhRgeYVtT
49531379-4;5mc75Gj7KA
61417810-8;L0jMn3rl5J
14633019-3;ixqu7OQh8n
86485600-4;tQY7dBp6iK
32853453-3;MIldvy9IDS
40288265-4;ppcvhXwhHR
29648136-K;jw7jnKsl1f
39648596-6;04sV7MVzlz
71538119-2;Zt6MDRclsk
26980966-3;4WRQUKphvS
88130330-2;SmX9GILMfE
12557485-8;ENbMwkdNUS
12646782-6;OXaMV9uoOq
38738177-5;XmIm0WgilG
25854024-7;vaW1lu7YTj
19193024-K;jtaXhCSphO
69810635-2;oY35IIFR5D
71697752-8;jOWSvzSg5e
46808180-6;EV7prqmMTJ
91576577-7;TLkcKo1VjT
82235134-4;LLO9X0SNya
23111409-2;haY4Y2Frxq
22780721-0;xq0gBOViDk
79134776-9;ufh75KFrmh
50792916-8;ccwmULSvEw
69413144-1;BVvx9U52Fm
11724868-2;Cmeg1fTYYe
68999416-4;unKdBdwQvi
63512633-7;U4RKiOCQTp
71606436-0;aUDle39upK
50274237-K;tDR43KSmIf
32907671-7;D0zP8vObKN
97022160-3;QV9X2nP180
40761147-0;2dyJJR3FtW
57149821-9;OZFapb36KT
20872212-3;NNF0P2f7dT
59765423-5;A9FdvavoE5
64085144-9;34MfqYt3w6
61655998-2;XDJWRe8Hwb
35169200-6;49mjw4Dqiw
64955460-9;98qAatqYyr
62755664-0;CpIMkbNnOu
65625293-6;mOwjhUwHHS
78097329-3;62DgtQ6gKS
35713479-K;MN1tpllHoc
96358720-1;MT5KCa5w1k
73056745-6;nVaKqBeIvo
57396598-1;5otWjJF8z3
57068413-2;pzyvfOfhhV
59519979-4;tDgqFluEeg
45358402-K;6OUgj1AbsR
30217862-3;Ch0EJflIaF
18169572-2;H1UrFfTB0C
74164504-1;Ujw8H9p7wW
43443080-1;fexGhMO21i
42518708-2;afgwUfcF6U
39070626-K;H1jqKcxn62
39281826-K;HNBKzN9L6f
87514388-3;7vwDMqmbHN
71531279-4;Q5CaMKmkli
15853695-1;ajdGzSpypE
90911712-7;3F5skA27Nr
59751897-8;iaf0p7hif2
47557625-K;PdoJuNKX74
51110690-7;j7hyqGeqBE
80700430-1;4BA5GSUFfI
77072926-2;942ayZb1QM
11565627-9;6eP2HX93Lh
36583038-K;XtTGU1lHqB
28611911-5;L0zxYDwQd7
75985664-3;CcseA5ELlR
42132542-1;Vvrbdu3pW7
78904815-0;pmDb8koTjv
95878021-4;OcxHA6NUZv
43201101-1;ruA0nQ6Sy0
71593446-9;FtvwBSVp2u
78593639-6;2rBlEFB0Np
69845127-0;Gzk6KwM7vk
85667999-3;iILTZwjpBU
53401727-8;i0lJVAjXkS
25196463-7;fBLGgqDMEg
87862707-5;QFFn6QnXlk
66940817-K;IK1o5Eeqiz
42468311-6;vIJU9uQ6cL
70199216-4;jUsRNQs5rW
31464817-K;uVAWKiKRwH
46732289-3;10Trl6WR62
26725072-3;VM5J57c34x
81258904-0;wMQa7mXL7k
77602226-8;1RjaeUNFaj
44275358-K;Yf6fVaxxxb
50168500-3;aEx1AzZPgw
48398650-5;vujAYGKXvx
44759230-4;6dS3UhRVjR
66652979-0;q6hW7PjJE4
14231403-7;8qKOgSpg01
75525912-8;xdFClE928G
41185845-6;BT5L144WZ3
98727335-6;0TlA0PxSoY
38469380-6;Ka91KgPZg7
81584789-K;Q0hlJR4rlF
95678162-0;THyjXsHYek
99460294-2;XcfNEMD3Ea
95106941-8;QGuIizxEcj
93419339-3;REQQg60Lig
98242572-7;m5MLT4m53x
24140626-1;eMoRmVLeeh
85959952-4;pcxR3MbOhq
94388123-5;Jt0hhtkZpe
93292353-K;5lsBuWBuy0
99800117-K;2xFf7UqBc3
58166470-2;gxBjBMpnbR
40235386-4;mfyyfvt7nG
57555001-0;JVbKWWWIEp
49524108-4;UbQOLAxzb6
10140714-4;BqY9sfqbGh
21267601-2;ej91nLvnRh
92077377-K;dTUtrTKW9N
44214668-3;zsYKDwuuGE
17610604-2;hJ561UQFzj
17405244-1;MzliyYdMWK
83088014-3;7hNY6UzMQ5
66567000-7;m6GJMw7DWR
10642645-7;LMkFrrps1q
75202421-9;mkoHKOy0o3
66151123-0;NX5a2LB1yV
71711557-0;GaNKXyQsHm
14704689-8;EQCX8LTRk9
60748213-6;r31BiHuEMK
70575699-6;CAKfBCUHVO
16930933-7;j8WaMZqtv6
36993455-4;tYseDU4jYx
82697745-0;8IJTSunKG2
16618801-6;vWvF0ed0GB
53893455-0;4KqBU7Ho9I
97284872-7;Qp6Cez4lu9
51247664-3;OymUi5AGn2
29602961-0;6DBrpFGqUm
17962184-3;NntiCRh6zq
52484816-3;YoTbfTdiDH
82533433-5;FHnl14HgQ2
72887057-5;6Row9cJxtr
76575621-9;Fd38NJLgQD
45730633-4;3Eht9IgBrx
76919001-5;vFlmHI5j0p
11026444-5;UfLAeFwYva
67823550-4;rJr33a7TBJ
37760314-1;pBDfO3VFOX
13110666-1;4odPaXNtEF
46495506-2;ZJhuUpC6AL
73323662-0;zJgMjA8SzS
99794699-5;Zn7Z4qM3Yu
70314266-4;2V7DtAY3Rv
54032399-2;ul3amkoVOy
31491204-7;MowrjTu2ED
69794586-5;hlPKwKuj92
75143373-5;hThRxPPUJi
35099418-1;d2fOURFVvG
79691201-4;nf5rPp0kno
22921617-1;UD52LIgWVl
59119213-2;eeWF5Gzwu5
38248334-0;qoVpojn1Nx
17032314-9;c1fWQ4raUP
14775219-9;Jd6wtwo5Xr
71698170-3;yhPMqUNYB6
52279519-4;dkJJaG3YL3
96498518-9;vSodFIlnVf
73705147-1;iimrcMqLY5
72400813-5;DH32QFV1D0
38713296-1;UZWRosc1Wj
92920773-4;CBcZ7NbP2S
54292291-5;RxHb2QPEj1
31716777-6;7n56j1nWhS
57291497-6;zh11XVgOP5
53232411-4;lEiSp3z1pA
32557423-2;LnobwLjXPv
96499937-6;LVaVxIukY3
29873445-1;gsijtsrgkF
58025792-5;ACklaMC4GS
78542474-3;fDFHKpystD
62444585-6;j30BxilUsj
98736401-7;4hwpE8f0bQ
18688055-2;IaTPWvAtou
53226192-9;kNIEBBKwyg
46282540-4;2xSnZAWIaR
64642277-9;4e0rd8mktP
73044555-5;yDOiNbsbCn
70651517-8;ooDbL9p3hM
99917280-6;Efxv45pXUM
97360553-4;H0xBslPyh2
84071306-7;qWpOp9M37P
73395776-K;8qNylUJUHk
77117076-5;JKfP2OwteJ
85767074-4;TgrVt1SaX0
30479206-K;0tZl9VSfHF
42497357-2;ocvMR9gxd6
62201808-K;21a9ztBDp2
88575291-8;OvNsoehkRO
94084384-7;eir6hWZ1xA
92238493-2;s2ihe2T3IB
14069370-7;gc3CPoPDzd
36384246-1;eOM5eG98aO
10420482-1;tVfbIqrwad
89052383-8;JjXaodNnYK
63845709-1;JejBO8o56w
30581835-6;VMzZebYiB3
91594544-9;bY3edDd6aF
54557305-9;weyjIdbZWN
25962064-3;1Bb4JaVUq5
33787558-0;uxops6YKE0
95401633-1;8Vzzh1Z2Qi
33587317-3;pAx3IhdywO
33712227-2;1I1PMQGviB
40517951-2;F48qhWzZdJ
43605424-6;p9TOlpimxz
78071112-4;dblLHIa3yu
58121862-1;vSqNuv06jQ
49929625-8;BM98997Khh
30866506-2;eIy9SwamBh
20162178-K;8aMu3ESBjA
66465534-9;1juzFFARoS
72756845-K;zlAn3ibUCC
97141186-4;HdOygWhZ4R
96008106-4;wCZvHwfuTR
16349696-8;6BwBF1AGKx
43411068-8;PT0qVRywTk
74664710-7;9hMiPh6c7F
54295728-K;WDUwbNeyvo
54886763-0;0YtbGWcPtQ
43528587-2;XYcMYuH3x7
39936957-6;YqomxALFGO
90029281-3;dhvetnbjCR
77169773-9;G7hTMuvdX9
45130488-7;Jg2Y4FG6jQ
46583383-1;FPunMT6Lll
55143963-1;ckf1x95YEY
89333463-7;mE3qsAZJ1o
78777059-2;UN1Psat8nZ
92139703-8;DuGrbnpTGR
20849532-1;t8lplM06c7
93855320-3;OpJjE4JYIi
67813914-9;QfeKxFtSdy
79280991-K;8NLrn3ylJX
78079829-7;S28s6k4kJ7
59844025-5;3wHQOYNrkh
32807795-7;9lo68fGO0J
76488057-9;F4qfrRXP46
13036695-3;XfTsGvJxeq
72779552-9;QYgFF2trWw
57396509-4;jGJyY0BJyv
32066478-0;wspbbqyehX
13126193-4;1V8E6h72d5
72380690-9;4LK88mjfTE
92056941-2;hspOHwTv7t
52787390-8;BVb9G8715U
28624873-K;Sq2Mj6hC3J
64311599-9;QgzwXPRfZr
71972933-9;mcAVjyVkwo
60548758-0;7wxMLrImMh
76590549-4;cQaIkhUH6J
40738756-2;tILxjbkbld
94107802-8;T6GB1BjK9K
86719083-K;0kwSoEYftU
48910840-2;zEMapLyllV
39780622-7;A0uCLk1JH4
86109645-9;UHxWmBnTpy
74353542-1;hpE4kceYh9
44334926-K;hsT4RoRK6O
12639518-3;FEkiASACCw
57533488-1;SoHX6iKaFB
42751735-7;o70frq7N5C
72446528-5;MeOGGeYfkF
79235582-K;dUjfNnwJ6h
25186968-5;MDlTYOqyeB
20168763-2;QkIHxVtymL
46459079-K;TZ97s9gW3g
14914773-K;V1JrmKpr6s
48633526-2;LyLPTpZI10
82164430-5;x5X8DHIA20
19943538-8;i9EhNAsptp
79325162-9;gi0I3t9mbi
61567009-K;elA1HlOBRe
67014902-1;7soxRA5DWh
92481335-0;Zn4em8sD8v
15614564-5;fr6pEQiVpP
51592422-1;ZuZclgP7Dw
96111717-8;eRFMAPvsbW
94504228-1;zCzJQTBe6x
36294747-2;LEvP7Z3eZH
63606763-6;iLShIBUgJK
64751666-1;LQPDBhWRDe
10590956-K;NpZZh0FuXu
58913611-K;FvhLMU5Oxi
61468388-0;jE3ja29MYW
96888930-3;cx1q0ytpvp
90598821-2;oWeb00BhV1
68050326-5;Pqcm7HqwuB
67965278-8;1Um9pL5Z7q
67837120-3;VElOM8iXaf
79214119-6;U5IgOrs6hQ
43602523-8;BZr0t99kfH
84112713-7;HOi5PvssAG
32334183-4;lf2QdHrWSN
22130984-7;bHHMh3b2oh
13903471-6;ecGrlX86kd
95742547-K;RhfHZqdQEE
84077192-K;PF5U0vW18G
31732556-8;DlOKyiGmXq
34520692-2;h0M9Ml99Tv
63230190-1;1YGHDrs0Dz
83104635-K;4v9HZtB22p
86675855-7;C3FsfOtONI
46296854-K;aFo0c6jase
65920883-0;KqSKXxzgjt
20925253-8;UzotjpVIST
82110575-7;l2mxfsD5uT
96630891-5;iw7xNz9Q1M
28431114-0;02lzFQnRiJ
96833914-1;lTNNnbwFYB
64678437-9;z1sspQDfzL
41104058-5;mw56xJAAiL
27409507-5;272AU2StAy
60478051-9;jVlgnz33Ao
50270413-3;Agnyae4VBj
21308788-6;gpTpiVKIaE
10271259-5;raYVzqgLqJ
76483182-9;DCdqfM3LFv
93258884-6;fXU2IgrJFe
56137959-9;U37GWPRWIZ
50021324-8;Z1rgwnG68F
54093132-1;Ba9thhJf9l
22427969-8;RGcazkMNve
78744834-8;ehYzSABA0i
84380105-6;PHIr173Lqw
28954277-9;1b4dRHpkRl
25805706-6;VJmqAtCcpI
48948239-8;kEhhAbHvDm
99480365-4;M4u3CriQzX
94132246-8;JmQcJKrpLp
59657219-7;bDfezdMmpr
76019043-8;j0m4UbCrZk
83217542-0;Q9p94QtkVa
54011158-8;eowamHN3Nk
24840937-1;tlVMA2sZlc
88363461-6;bwrWzbPiLg
96500152-2;pURwrKZBWu
46521990-4;hJBRLgA5tO
85326824-0;4ZTm12sTfB
43085485-2;Rhg1eai8aU
25974603-5;fLdtqCfo2D
39472678-8;qhSweaPjRn
43848082-K;75mUCabaKj
31245759-8;blYBpgBdRn
68106146-0;0wRGS18VUn
67285899-2;PiHpL4hnn3
65615914-6;w7MWPFJkkm
44284478-K;H57mubsef7
58505577-8;SraWaWogls
23767231-3;Q4uoyUpom7
83623753-6;6lpEUzPrPK
90829237-5;7vwUVd2QC6
72887142-3;GQmNflYyFV
35520454-5;j1IE0tl9Mn
44789890-K;jnDZ9IBU8L
16674252-8;sKfDlybxSH
90211664-8;m4F5cgY5GJ
78648878-8;2LiHRrPIqJ
91705033-3;1gvciLe0x6
25109684-8;lRTyqE1p3j
83105397-6;z8yrnEYxc5
57798791-2;rJocNhB43h
44498286-1;pxF6MLv0Ql
21406198-8;rLQ1qR0s0Z
96099506-6;k6l1h7SsFe
69545864-9;bRkhrLulj2
96717715-6;o2DOfavVtG
10912189-4;Hy7Yzp6gtY
50286049-6;XX4bbWDAbo
45932059-8;DcUrCZsi0p
97065217-5;CvXKovAnCL
28295943-7;sdbfU2Gw2f
76108561-1;qIPhdzAeW4
62085332-1;pBa5gPboIv
84939494-0;Z3d4mEWekR
26493545-8;QWNk8fUmDV
44197571-6;mV910rz9UK
51077253-9;2aJGZ4QMIh
26054051-3;DQyMAbGTLr
41401418-6;tNJdAPOnlu
67188850-2;VNdZofOD46
12966544-0;cLpcSowXtI
65374945-7;yj3pNflxfs
10227568-3;U8pWwAtMDI
79231066-4;xvKmAxyMj8
91227499-3;yu7WhbSLd9
55802466-6;9eIhjpwzkV
90547735-8;5b0tCPopC6
53377802-K;pEr7yP1qZV
32746281-4;nSnFp6KHgh
51903154-K;6JFAcXC3p0
47866351-K;VaLq1PJVmh
37396553-7;YYTKmNOgRq
80741626-K;mMEGD6TSgV
46466210-3;yVoYdFoWVM
53252724-4;d4S8cyGWWN
38332147-6;aToqYnqpCw
79225841-7;19yKeGCcpn
82578092-0;kBf9IzgokX
80889974-4;Aytn0RNML5
41048741-1;hVuhGpwB73
85230607-6;RmJEkJYrd3
76932382-1;xk17AMzg5A
55315607-6;bHKe5kk1PL
76738097-6;8a671ug4vr
85799018-8;9RwHiWAMXW
24807864-2;MqWov21shV
63523384-2;2HN7nmE1YJ
22711989-6;E5iSBsPxjj
82077651-8;5p4HmARaG4
98020904-0;mHLBrddXuo
16845020-6;bswN90359h
88319326-1;hgXuklu3nx
58421025-7;hxlLOvj7H8
66312182-0;QQzbb0ZESy
24648778-2;izO0Jf3u5c
60261526-K;c0twXhsHmq
96395173-6;2mG4rrcqiZ
95278326-2;j8QyQRaagJ
85675098-1;wfpCfcyPiS
25358949-3;qyoIO8As9z
92468434-8;cNnqkEr08f
54654589-K;Wt962p2CxW
11632408-3;clNFkXcQt9
61941595-7;WF2xLzo6CF
25909994-3;rC40B9yJS7
19026777-6;vqltuEwN2k
31308132-K;Bd0BI0XTHr
62205683-6;BTXQh6ztQn
28970348-9;mLxMauV98R
38966638-6;pANFfZMf3Y
60199737-1;dEhuJOmXkM
69526305-8;Lh7Q4HyhWI
23586058-9;bAbjoUrd5k
16719429-K;bIvU6w0tVv
85868105-7;FzY0sgfgNw
62458532-1;XA6o8Wbv16
10210928-7;jzbc86LTBY
67507010-5;N9WNEvRpVq
15185670-5;Xf3shONXYz
14164934-5;I3Z2FE0ozT
89447202-2;Iwi7Z5qZlW
65369388-5;WefdfsEaP7
50266682-7;W78WP4kZV8
13896294-6;pO2wQADsbZ
77913298-6;8J9NDyuzk7
74913271-K;7S41eSSRpb
68257815-7;kgeMqrYLB1
88956758-9;0qfg0JkNnt
77373233-7;HwJiStl07E
31239548-7;OwcqHAHnJ7
19268054-9;Q9vaGLpHaB
97720150-0;rdkn6WzMzp
79491164-9;MjzOCd05ET
53001038-4;HnpqJfy3Tn
42908111-4;J2YlYzcDBt
68378823-6;y4tWblBBvI
14880570-9;J9MRxtQzRY
99515575-3;yfKnZSnZn5
34211256-0;vhSUhqL451
59213872-7;FrNCEsEXA3
73910373-8;J3hFoRhtYT
58450322-K;y3wtv5ugNz
51908940-8;B4pkY6suWk
16135359-0;HcijRaBYLI
37979515-3;V5AnYwhl1W
59288005-9;1aOx0QmO4P
77032692-3;t8KONFe0EI
87543222-2;6ZSie86Hbb
36179693-4;flfN1JZqkh
26810591-3;mRtPAbJAly
70302450-5;aLmFZAlrNF
30544773-0;ehIqglSvPS
73270169-9;XsGXm1LO2A
23305323-6;VbOnIr80tf
38541642-3;tF0KMW1eJ5
83434372-K;vLVUFcz3uH
88844737-7;1Bf7IeKDmS
52720399-6;V3okJfInUy
38801522-5;Cf9RTc2Hhc
84020013-2;KX9Uj71KXX
27956772-2;dGPBznkCi1
76984726-K;YQvIBam3TQ
38994232-4;coLOj81cbn
31817008-8;rL5D26eBD1
44986881-1;kL9mOn575j
88557048-8;9T7qrnSa27
43084899-2;isMzJszcLi
27293941-1;rm5wb5AQhN
29674145-0;zJ7F4Sfq79
61096825-2;rKU7gib9yR
28784924-9;H36YTje9Ck
94341120-4;l25WLutjaR
96305914-0;hOLj9yVXHG
56380673-7;Ntv6ear9Py
61451132-K;c8cLXkxfjn
76864918-9;AGETlMr5Nf
36704874-3;N7e0CpwjFz
29953349-2;ExeKzDWJK1
30016633-4;PoLL4kC6Dc
71440940-9;DwN7aEKWa8
85734223-2;iIlA0doKoR
82327011-9;TN3Ncpc1zb
46158716-K;lWvSbM4u2U
51019493-4;XBjiyf0pfk
14470931-4;1tDgOTlUyn
12153215-8;kCmyEkyeyj
27846617-5;pNmuAg8oRN
70389103-9;kA5Pu0eUGX
72535207-7;CNdumoa4UG
17739383-5;pVgo4fGd4J
63110051-1;afOul6UJT3
94191974-K;bqEx6w6FYJ
27666672-K;UvBkG8KF0Z
75174335-1;Z951zcfVpe
83963635-0;jE5ie3O8To
96851572-1;CVBoZKhOrt
83586336-0;KLWreWiLX7
27894430-1;TZyuk8xDLu
82243907-1;mVf36CYvIi
26387369-6;aDyOtO6eQN
83599633-6;fWkRHxuTPB
29390901-6;Gts95viynC
25085783-7;3SFsjCzA0L
37805057-K;TDEEFTNvv6
47464554-1;iEu1hq7hsP
17363443-9;MwLR469CXE
91726593-3;CRVZb0lTJ4
43122762-2;p8slksd6tp
25771749-6;D2TpllURGY
12801638-4;88kfZgtQLw
81546988-7;TkiTRinnfa
14155483-2;iyRK9DcwUz
38622556-7;dvvbCNyyOU
33398838-0;9dYUO4jxDI
95216918-1;VpQAC6dleE
73049899-3;mNQ8heGmec
18731151-9;jxRL4h0aqq
25128461-K;Y96CBEDY2a
44470971-5;NDdUItX5Q8
41382982-8;Xo0vfl1ISm
82856169-3;1BQ0sbsE7G
66040104-0;Yj5lStBK85
77109566-6;X9JYfRYhFU
35204875-5;eoZJSmqIms
40859945-8;Tva56o9YDU
93616946-5;M92jhmqwE1
96986412-6;42UGWKU24L
95543172-3;wEB8LeCwbb
37578057-7;Gy0bcHQ5jn
50977469-2;FRn0BawrMA
93026590-K;9SIfuQS3tj
11327168-K;m4zs8nUYEe
61511825-7;4O16PQk5Jl
20171521-0;E4I5mJ1jcf
77128361-6;IVvjER5fxz
94911117-2;gnd8EetD00
28943720-7;7gghXIZrDX
39195400-3;LJ0YKpukVX
92543273-3;1dm1ZtYrrr
72699277-0;IHcjc9fifN
32585458-8;luQX7oweHJ
57914655-9;q2gzEP34rs
28908525-4;YBYex3Sjah
93137001-4;7Vq7RSxLQo
80960741-0;WHSeKzsG1B
80362761-4;RaBFDQWEui
74878158-7;cYzb3cYd1I
55382911-9;hc51ehzvGB
30078608-1;ZWvPEK8oaX
91043295-8;a2yqbhOPJX
34545340-7;HkZhB4B0UQ
90004735-5;dZfROXI5XX
24146227-7;HWJcOpf2MP
15264428-0;zvBHro08oM
95994291-9;RnUviPhq7X
50990446-4;ieqYvbVXS6
36205172-K;iQlpJm3C6l
85978130-6;42U5ysE3Fg
63986628-9;DAEU7VCVz4
52181592-2;qjSSh1Ei3k
39412772-8;6agIUNFiyZ
64938239-5;mx0dtznsoq
20430991-4;T6zjoAIJFv
84072694-0;ZmRKAlfgZW
19239192-K;bGC72CknOf
26145400-9;VqJzvuq0TA
62581428-6;hyvjO93cgw
76187651-1;4RYYcMz0ZY
48035623-3;sHWrrnSp9N
35065593-K;RaAfEMPMPv
88344127-3;dbVeIcUwZ6
54227646-0;cM5YxC44nn
11684726-4;2FuVkjZl7N
78122190-2;olMeyjCxa4
37235005-9;7gw9g3FPBy
42161218-8;VyqktULoev
13713850-6;ROJIQq2ESl
90401385-4;vjFxXexv1s
24979134-2;p46njwNGCS
38122998-K;k1OWKJwpQc
43494642-5;gQ8hyxb3Xq
71313193-8;3nd8tEmWV8
27704742-K;gUL3w42VvL
89196588-5;3AnllVuoJT
64066686-2;SQ68Th7zVR
51493784-2;qgnqq9a1v7
41433277-3;EiKhs2bcij
96398112-0;m8mL4xGEde
76880088-K;FrJ4cufhfV
66704368-9;3rArN3aMwi
82708385-2;OmFsueZGGo
75683726-5;RphGPiV5fS
43406397-3;RN2Flo1syA
82473026-1;qXfBE4mplf
33937832-0;FCNXYPdQYH
49919898-1;XDyVCvfYyz
31390685-K;O2buwXb5pz
94741862-9;2Z5uVuu1GN
24258371-K;HB0fL5fxHS
50335111-0;CebWrluMoq
21561802-1;QJGNN5ljOp
42094165-K;pVFWP6ZCOv
11370694-5;NLR488ACIS
88808734-6;AVlPywbVI2
10492278-3;mLyxUYw9mK
53100066-8;wnf6xHXRXp
16330282-9;zKGzdnHyAz
47891403-2;pxSedFiUXT
19423364-7;bD7FV6hM2V
31054136-2;vpMkFKnYTf
48982685-2;DUHSkp9TgG
79599064-K;yPQRHOlROz
62709931-2;OdNbtwWF4q
35173043-9;FWzP6EcPwG
17024117-7;onyU2nmXth
54001424-8;BUD1fC7aQp
46278383-3;l7hGC7s8p7
60695482-4;6jMEhJ4g2v
63650981-7;uSOUKr5v52
62714437-7;HH3502qxgS
80333708-K;CVicUP0ieC
26241665-8;WW2oaA7G1K
52327070-2;DeT9xpjoAD
38320211-6;9xDmq76WfO
42630384-1;0x2MHtTpry
60237986-8;DNrhNTGcvS
20301585-2;YnupjbQbNM
21303031-0;3QoomFgt7D
75576235-0;WB5jUwwnX4
94781639-K;4GSkaQ9j7v
85712435-9;uET3swn9zr
77360700-1;mmxaFMRC1k
48009010-1;xS48oAA7uP
59571282-3;DV73IJ4kst
83701405-0;uNVl1qrZaz
44857361-3;WaPUJ2SfVp
60146674-0;D6obWh8qbJ
90239958-5;Oy5CpXF0vL
80589999-9;fSjFAclyvF
26540017-5;ZJZ5B5yH8y
69304520-7;CKUhaw4ovy
53401178-4;fdPPR57Njl
95241618-9;wEb4XI3sDh
12482752-3;9DytKg2OpM
73955092-0;UqxutufvbT
10409694-8;e8Kbrw65nk
80458424-2;uUgqxcX1wG
45237289-4;zksxUMD2nm
42327614-2;Ed9U480SyG
19718488-4;Q396Qzgxno
55179242-0;EQRKH20Uso
23087205-8;d1hritGP42
85443296-6;ilcTC0RH67
63934477-0;qbZysh8O8X
40800172-2;82DEBtdeuX
53469317-6;mWpRQgw4DG
95795390-5;3W1IJ4zgU8
74925865-9;tPq7w1WSz6
63363906-K;MyyyF2PN2Y
61884085-9;94OEW7aZlG
56891288-8;IkGnUIoikB
56686428-2;WIwwPUPIkb
19959273-4;KUupOVnTub
89071806-K;tt314TOr2F
16868403-7;zwUSAvxy60
88538157-K;v87I2Dpviu
64031647-0;pjyyrjRo4I
30991623-9;xESrOCSTIa
39416344-9;EpABfaeEXu
38236647-6;5zvMpnKmNE
15480779-9;cReoJ9WSOh
74660742-3;So48LRLksL
23077897-3;Rvobgsg8oY
45505732-9;9IdrNhXhdx
68535706-2;p7BUFzTxQh
68071459-2;qvxlehB1VF
77460939-3;Vt9U9h1O2l
22432267-4;JcBCnJ6rWR
35059560-0;p3UfNJBBMh
51115877-K;vMbPXEOHim
42051193-0;c1Vxgp9uyG
73499533-9;l1kgvarHL0
32684568-K;2aJZlUx2Dn
89018675-0;abyqI0rkq8
82774318-6;HhCuG2tcLq
11001461-9;v3TtBRFoaO
91672918-9;ex9mkOwajg
74590508-0;qn02SlepIF
84984818-6;sMH3HvkqlT
29486583-7;y9IeO7t3XO
39171101-1;qgnxRo7NWg
79405148-8;uB6WVfoFpw
14713965-9;qNhrcTQxrn
67663895-4;jG1EyQfNAh
81297979-5;MUOWadQMYB
64863350-5;DsxUbjdwEr
14841919-1;YWg0CHX7oi
46962836-1;66mLdpogr8
66158843-8;SVpMUt2ftc
91344206-7;BbQimsVJqN
23087984-2;Cokp6a2QkL
47929099-7;RWXNWJlVO4
93793915-9;liwl8czsek
38687471-9;W5lSiZ1H3S
84169497-K;77zAjT1Btr
32633909-1;XGdJl7gqVC
71851747-8;6qJWbF2XOw
19464528-7;CDzvqebuwE
53510223-6;s8fDKBcdxM
15010253-7;nhsINDB6lM
56088455-9;uA9aGL2ixT
90126515-1;0pwUN0qAs5
70345297-3;11x8FVB7Pu
89532586-4;wnUNkzY1nQ
64893233-2;OQbO6oGFS1
12289767-2;flSpUnSLpo
20415224-1;rQkwvJIpOU
19239946-7;GUMGNgJE7Y
45896007-0;riTR0oBIzq
85472812-1;iUMTJxNcTH
42978416-6;XJAPaLwOcQ
71557803-4;w6FaaUXhtR
24967649-7;zPh6sYp4Cz
45592667-K;19FkpLiswD
24375677-4;SiSo9ZJxs7
52337728-0;mbHPYORZFM
56344452-5;gQvN6E7l2c
36613119-1;IyohvpvVxM
80451648-4;cxnJzEk1oz
73297949-2;WcemK36FK4
33447068-7;uTBeYCxBfa
59428816-5;pKJdnr3X4I
67677500-5;EPOCvA8xZH
98960974-2;kGp2tY6gNX
47456914-4;usxVK5CUxY
15374230-8;gk07whtTyl
59931190-4;XuRXFR6A56
18398124-2;Afe5E3DtHX
30522173-2;bTG7FfQTfJ
90871562-4;dkzuavfXBL
84924699-2;Y9pDWciAUm
21634710-2;aOTKsla0xF
64516617-5;aljDJTnJf1
66501996-9;GrVP9004ko
12440321-9;z77DhT5yag
85683687-8;2v1nDZb7JO
52844879-8;zT0pEhoLlh
57693052-6;dplsGc7iOK
31110332-6;9b9shiPgDK
81172959-0;6cWdONdsmB
93914446-3;pdHQvTDZu7
98117211-6;ATPd03UEoc
65944947-1;ximmG0q3Ry
98117440-2;nNIpX2EqC3
26597531-3;eycuwaVp0f
76799275-0;TaAw0becZt
37629800-0;CCndke7CyT
12618719-K;8yuHkno8ee
28013179-2;SF0nyAxG9Z
37985108-8;C1uTBVaIDk
61715654-7;qmJFBHRKUp
79533097-6;Kk9XMwKC5K
16351909-7;asL8xQxQSD
53082846-8;rnKK9arbvJ
27049913-9;nGD73XoI45
84209534-4;LkVegI9Jxc
26216938-3;QRUzJrgL7l
96019042-4;45gF1fcMgX
68554231-5;CvPuEZjnVs
34239184-2;xqZkLNM5jl
30623004-2;TaEnODUJZk
36944320-8;Y29VLnGeui
93524087-5;kBb0Dvhv9V
45071469-0;53QQ80iEM6
80727214-4;mnAUFbXk2z
41030336-1;Xs2ZQyxDDQ
57593646-6;0ljgUmqRtF
89436226-K;fqjlTefNBO
61944515-5;CLCTWtUphC
54186854-2;UzOJJrFSAL
78444877-0;a1iL9ZmoSN
20804021-9;Pm9MzosMgW
82246483-1;YwdoqjF2Qu
49177452-5;P4sNiiqKXC
25480222-0;fChYGeCpid
36640623-9;DWyvKFKYoa
21424986-3;UIhhyLY6UC
26059219-K;Ixoi61Frry
19841889-7;dJ5FKaHNFd
96142490-9;gQv7NZXytL
28026602-7;7UsfbZEzm0
77320934-0;zdI0PIZMyX
97110959-9;EP3lOucAfS
94598606-9;daMYKV7J1U
50029750-6;rffriYYgp8
35905430-0;XvJivS6iyI
80773310-9;veaOtCJl5y
85382860-2;KYHgDDxHna
32582982-6;hlOJQWi3lb
18514154-3;hHWT8aOQ1D
43905758-0;i1oEwLVeax
54851565-3;Iuj1IGgdwy
51314636-1;AkVbuhxK3I
49628157-8;kEX82uHd3x
66681515-7;LfGj0K6jrK
99955766-K;QPcT5RG17E
55699402-1;HxTwT9srpl
56085780-2;2dL8RZMSw4
68830378-8;h0yYKIHQ0F
67290503-6;yiRnYGKqYn
73133941-4;LtAFeG5cqs
85749329-K;uWrt8TtyZ9
21973434-4;Tqo7TwNSr7
44820792-7;N2sKyOzdiZ
82274293-9;rWwri1kr36
29011332-6;keUyWnHI2r
67868896-7;Dw54KRPEtb
14807761-4;KIGQ5JrVRD
97774836-4;Jhfk1641i6
85266725-7;dPHg3w5BmA
78071831-5;RM5LhrcwTC
89839680-0;Z9nGpjwb9F
76703417-2;0aSgKcxRD7
99648878-0;srvDbyscqm
23988271-4;K2WeAdpu34
53491343-5;oz0fVe2wJX
73775722-6;26AhOQICyS
45950038-3;z3yCH9Q7j6
44643737-2;2eTDWtweRX
72310473-4;0mFlgDZbqV
32439170-3;8LPfoj9Yjl
39418910-3;kzfOWqdW7Q
96028405-4;BFeZFiXSyv
26683715-1;qJKVNofO2W
49937587-5;lEDuF7GUi0
13656845-0;LHTQ1EWwW7
73743664-0;IdiyrKmbNO
40852130-0;BzC788I8g5
75716255-5;L3MBq0xNmo
58418621-6;R8PtjPcOhi
36139743-6;KslKcF9DcL
54454660-0;F1uQku8qih
11419259-7;MwYX3zazQu
39714689-8;mJYp5omdie
27120194-K;FzudLmwThb
22079722-8;nb1jzuQkrB
67156603-3;clLcPPlJn3
90210369-4;eGvmogPopA
45572891-6;wp1cTHmENs
85758473-2;wJdsClJ9i2
56809652-5;sRiCky0AtE
85842170-5;FdrnwYq4VA
60886197-1;pvRlqgGUx6
88299724-3;WlRckLhknW
69979265-9;SK9nQbuepK
65859686-1;55gqftNFrR
44408627-0;MKDR3UCFQa
34679844-0;2PIdBNnfFk
61914120-2;uNnBeuDhpz
68074372-K;CuNBQTlQQV
11887607-5;1IE4KDWLOF
79834356-4;fUul3uS6do
70046553-5;z1jHaRTG9o
89021567-K;OZBCIaFQ6q
17746736-7;vTpqirEjar
18490498-5;k1GqRCTcah
53094557-K;86PSGZY4TV
97016922-9;oue5DPl4eJ
50340590-3;hAPrWZv3XW
73683241-0;IrKEX1KwXg
49547881-5;10IEmbgO1I
58612158-8;QrEDCGi873
60797025-4;qVZwc1anBd
85173629-8;Q043UjnPLu
54405931-9;nCBbJqTUGL
47737635-5;XegNbnYx1I
30874754-9;wW6XHuPZBi
23254469-4;OdKvc4rttb
57178475-0;DGXrvJBVqg
20058612-3;NkaOusRrfx
20230010-3;LKAybnDp6Y
13492629-5;EwB7teR3tj
97312353-K;8s5Gi2646r
79096766-6;IKEnuwIT9b
18929893-5;yRWn2OBxeu
87004707-K;CJiaeKLO8D
81725564-7;z0XMf4moHp
15760143-1;sNqEqcgFks
52521192-4;AOZEDqHkVz
30444455-K;macP7SXCAu
53765408-2;sz0cKIXlpo
70774621-1;UOW9MLKvcE
21430834-7;6EItXArjKd
93090447-3;2WTJz3QqLC
74674429-3;58NzJfJSt0
22094463-8;3MFhzhH69K
17112026-8;qxLSJmKsAD
72302626-1;urFTlNd3xk
14826258-6;9IVe5oHxEW
74009216-2;8pN69VIJni
33847570-5;Au0sTXR33L
94504094-7;ZEEVpKhTyI
15451751-0;JC0UQ7KtDN
53616175-9;PudfEjHVib
90318760-3;8W8eWw138C
57154203-K;8WAgPhExiw
68765750-0;y0Z710R6p5
18385029-6;SAjPjeIFQU
32803618-5;OZALj3JTE1
46757491-4;F5TI1i9Wsu
46724163-K;iWYmaC6pRZ
32071440-0;ocoYl6hDTx
54711442-6;YdSN7mqfjY
75105178-6;aj0CBNqrFI
42973085-6;Dq3jz2faWb
55169249-3;yR58I2HKz0
53873301-6;y4md8eWNfp
59896222-7;VXPqksKN3k
66304488-5;W0c8CrzHqD
41537898-K;v4tOYUx5Le
77303371-4;6pniYtHDaz
71287012-5;5FsI0npgFO
90803667-0;14k05Bp13B
20459018-4;F3iUvp8o3O
74303689-1;zAQe0lag5E
21931672-0;0Pu4ho3Wd1
56715282-0;hcbFfkoSbr
36284705-2;cgQaDSSK8c
26956566-7;nu9OLTnDIB
89603256-9;9tS3lQXrdY
75123748-0;3jj3X9v4j9
86082584-8;kLw8Kxg7uG
80021564-1;80X8XWvjeu
55596667-9;00B7bZnlkP
95149394-5;R6xwIwrqwz
40291676-1;U3nAtTaxbe
16577795-6;25Ix84SnCv
55555950-K;z6bjHLrcQL
53284787-7;2gM8Y2ktEQ
74621485-5;DyQle1Uvjo
76778980-7;wKR05EiOHH
19689135-8;ICTG8R3vG6
38094082-5;rpJLNCsLQU
86004247-9;9e4QmasaUs
78980185-1;SIXjpQNzXV
34478968-1;6bwz26kTW6
50131322-K;OwIBpBBikQ
57112874-8;6b0MwES06s
62341984-3;p9bt6aVdrf
52479178-1;a8PWrJqPru
71634207-7;sxyMfE1wQ5
43012998-8;5rFrWs4ScK
94848813-2;4JaQexme3g
97807261-5;lE7NHpLp3I
23230592-4;uDjVtqIh0g
88928581-8;GklUlo3guY
97220725-K;SdkDH6MhZu
37809390-2;CtENE1fJWC
82342418-3;NaEJqEymUR
18768295-9;qgHo2QZlAH
50250176-3;nEDM7gbKKG
28109394-0;NfR49TWuar
16424233-1;YRJxmwlN2P
93222845-9;djfCgJ5W7h
17708140-K;3xKJiACKyh
88784037-7;nHVsNyVKKm
67764093-6;RQtvry8gis
17526299-7;MexJgmepoZ
54857540-0;IBa8qj04pU
67522563-K;iLaAAQSJ5p
58452708-0;2KNTm9VEFV
39260998-9;xO21HryvN9
98385373-0;TbEXQZDdSx
23962618-1;tdtJkega65
83094264-5;td65OUYLvG
37666700-6;gxDzdu5jGx
67674199-2;FOQEuVPIMB
41587170-8;sv07mnA2sY
26639778-K;Mu8OBzj8m7
33470241-3;q5UdGrJjNB
14695685-8;VENcjTfNn1
23955000-2;UnngmPdlL9
82405848-2;Lq3Xh7ylt4
80202120-8;p6CBXSpv0e
67094862-5;oF7cnT14Gg
68547861-7;so6Cv20b3y
15223524-0;i6oKNEGCUW
38349938-0;Y7SasgLrMJ
12450832-0;xWBTLwLOev
98592988-2;WhcnB7CN53
76652991-7;PYka9lWlPF
16795695-5;upBDwjW5ms
16552719-4;HZUevqCZOh
63866573-5;NqBvaSJifW
10058386-0;aCrinCbjUj
65303298-6;PHKinB6Wmt
72724232-5;kS1If6rrbX
86988676-9;XAYKBw5rV6
87734877-6;UBqgbHtVnD
22322389-3;DCBxsYPAQy
53714165-4;73oPpvW9Fc
30953197-3;avX9swOgja
37500163-2;OcNpFVpp4C
21873678-5;9wFtm7ddVu
91258440-2;VsDsP9pptD
99993119-7;4zCj0EKiqb
94246119-4;El2irN9we8
79835123-0;Vr8P8qkrH1
92375825-9;3moqRJS9F2
74154512-8;PtzKl66Ddo
11393393-3;GA6xJQ12Qr
73327707-6;zoffeNe7C1
68928726-3;ZRwJdpDRl1
84364130-K;muaalPcyuP
61975313-5;l38VulBI1P
49237076-2;nV2MBR54zt
68607621-0;gA4N3VvPFm
61642775-K;kICdmIDBJn
33342299-9;zkS5e71UJC
95246746-8;H54FLyYjhI
78929688-K;S3McgzjWii
27377914-0;K3ouNbij4A
88123201-4;sbxDMRBxq5
91149374-8;eDXudJT5wF
22496113-8;3FbOm1BG7s
20307642-8;E28m2ZEYji
45574436-9;iSmnlZZeNJ
60354906-6;hVneDUhxOX
37050123-8;Ghij0FLLU7
68419175-6;KMODMJrjci
87459783-K;41Fs4NtZZW
73084860-9;LcdPP2fEQu
44100688-8;xSHINMr0Re
95493978-2;wfGt9GZdpQ
10879447-K;ob6M5HDgAn
79772096-8;9SPgc1Y1G6
14881539-9;Kh8RdEDOsu
92414509-9;HYxYyGvhPk
96463804-7;8fOBBPSQIk
92727916-9;M94HEtIRsJ
49716189-4;RJaJZWDk9n
76139407-K;WNXFHIGfkp
29740390-7;SLhp40jrXC
48719900-1;pvumxJd3LV
37615976-0;oemuIlG5pY
25683385-9;MIvyTabV2r
24349523-7;I7RVQPiMfs
52552321-7;RptQAyEzyx
69833433-9;joXHkkSmOC
17889243-6;xxwy8qTlG4
69913883-5;nv3WVEdFgf
45164035-6;GIYDWh230n
72086147-K;A5cjEqXElN
87974168-8;vPm3cj1ywF
48679046-6;H72EVd5o10
78222711-4;V8ooy6QIMN
52691331-0;mVViP7UNdF
99154262-0;CWOtfcptwU
72320093-8;XNdyHta4Yb
67705411-5;yfoQubTZVa
88712032-3;v2Jeo4WSJY
76472952-8;MxFODwkewo
85862266-2;E7JTAYlvYY
83118606-2;4iX1dQS48f
84544587-7;HcEqs2JEeS
57145622-2;cUv2tDmsbL
86402053-4;c3Uz9Hvu1T
56504334-K;ExZGTRqHSI
87910334-7;Yo7YM4zkNr
66822073-8;VdlYrj7Rxz
89225342-0;k4Ykx07OPw
95824492-4;sWTkUFcNwV
43408726-0;cBdP6LWbFb
47198966-5;spYkErbaJN
58625822-2;5Rj0YTcQWk
87948632-7;KJSCqScxum
99599676-6;DLYw6f7niq
51815875-9;bsRu0bVU91
18496888-6;ucOTDzL8Q4
92247382-K;4ZLgpmdSWK
63447160-K;iaK97uge9E
27271249-2;fZsV0tUOmt
18764609-K;EOEVElqeuK
87482572-7;u2RakSZWxu
39662790-6;GhoVTJwYhf
99145985-5;2ICn02Vfe1
72537402-K;pKiFcnwRI5
34429398-8;Gtzbtbukd0
47965368-2;fF2RQBKnOF
16602284-3;HMBCvLBj6h
64955075-1;ooyfYbWsZ9
87305742-4;2PytefAGL1
93412790-0;DKxRx76x5i
81056207-2;VCAc32INOq
73946171-5;7W3bzKREnN
55929329-6;xJFSJ4UBSD
82449556-4;zdpFnkgJIc
46637511-K;Sew5MsQxHY
78855441-9;Hj8fet1EHW
46696028-4;UrOEtdwIYb
59471842-9;n9TgjfAYCu
22011844-4;cA7Rt5vzmn
28702096-1;vRSp2JRlcC
46780265-8;Pu1f3XfO0h
59656659-6;D26dqXYNEm
82435184-8;02kEZfs2c3
98802781-2;nfSKne2eHt
63720634-6;8GVlDEwuUR
59092893-3;eO95BADUpa
83766233-8;XsGpfSvpeX
52805237-1;syLJdlPjtD
11372724-1;ZxC4aprdRp
70611372-K;uEBFXbUmmx
66073194-6;nMtS2Pq7SA
48538145-7;F8yl9djIIr
46788810-2;OXbknLN7WW
58366789-K;Y8abWct7i5
75018839-7;CZEok0rBDc
25534345-9;ApL4ed2yDY
84654712-6;csxdl1pNmj
38985105-1;LrrQ8UeWjR
71469192-9;l1tN1BVQHN
62683841-3;KYbNf6DFpA
75088277-3;je7YShX3lc
89262622-7;eQaYngMYA9
22984351-6;QLcr9S7VCy
82372818-2;Zi6kiPtKPm
29660232-9;WDh4NmvlQC
58527845-9;J0Ywhi0mf2
40908598-9;PACNaoIqDo
50852194-4;v850i9Zb7L
63974803-0;LImKTOoYyZ
72701827-1;VKE8KQRa5M
11904379-4;t0Q9DX12yD
23355169-4;C2fpidjMfr
46371569-6;iP2SVvMOq6
77393267-0;TWcxAX64yy
68525408-5;w7y3wSugeO
45663669-1;92HTOYMMHT
51725143-7;lBhat5JfDV
13117864-6;5M7Ft7Ixgy
87108816-0;o0dDvX9xe4
56910978-7;T0MipZQzEz
76629277-1;QywdHyo09J
87233049-6;jDulTyXy33
72933408-1;PVXdgUN7g9
96063574-4;HWtXar0504
42274624-2;z1CHu6oK6o
60441754-6;KzWSe7vqpN
72115724-5;OySfIyLJWS
33331222-0;eCMoSA55qb
16096999-7;so6mDEVcfe
23098310-0;udFlyf5C8P
84552001-1;GNRGfyXsGH
71692286-3;Mv1GwC4A9X
22909726-1;6RyFXDzIIe
98291202-4;qzETI9A3yR
62863058-5;HzJlzvbZTz
36814918-7;qSMdYqtnYd
37612348-0;hI8oVpG3KK
85641874-K;yH6ARa3UJe
44341327-8;QldC7rg2sE
63081696-3;Ta97jrnbKA
23041275-8;jBRk5YweiE
43894596-2;MA4y5H8EQO
49884127-9;VJUHNp745C
40914118-8;xFoiiMOySD
37373496-9;yMrqttnszd
46554750-2;rbZarV7liI
71450627-7;VEcPwNhnkD
54650149-3;lKfjgjsBA8
88353174-4;OEcWLsnPxf
62925891-4;vDLQpcOHzO
55422385-0;sF5g5s4kVW
36200173-0;hlKnkikVYG
42695604-7;gIfHJEnq5I
10147541-7;DOBK3S0N1l
43723550-3;KhhIO2X42z
21778497-2;5UEQrQsTEq
17472773-2;WHcjm7qYHO
32767849-3;mutk0CEbr4
86265342-4;tyV6a5sJHm
36428967-7;QEwYRf7WoR
15867498-K;4j59J86PAu
82547827-2;lqPgs0t0aV
18528016-0;pM27d1etOg
31798756-0;HegjhBjNPs
59741078-6;71aupBqwLV
44488995-0;xqeWg5beS8
90677149-7;wIvo2r4Yyw
36614097-2;P2wNU7RBrt
67770910-3;6IRv4uGFo0
14784303-8;VTIPcr7zuq
96258684-8;muKE3VFr0I
76783621-K;XZBB6fSuQs
35171092-6;n4QrK1B1Oa
15494583-0;P1PEKycCjh
35483041-8;pXQzeNeNrZ
51418134-9;PQe2yhkk3j
77438440-5;w26uXqjvg4
96901271-5;KBZs2vbFu0
37559690-3;srm6wkf7m2
12059166-5;0pLNf4tnxe
57472510-0;jzcXum2cUH
69567367-1;j0eeGhFEiA
88245545-9;rwe9uuUuaR
48427448-7;y22sQsYn8L
82121332-0;c50LB63dud
44734412-2;Zh9Z0CFWTH
50289920-1;sBHh3YlqRY
25128526-8;U0C4NGd4La
80282845-4;o5DxUkUNY7
86190730-9;EF6ADqAtcg
73914950-9;1RIHTzYeQg
55125951-K;3CIfPcz9R2
81597192-2;D9zTFXLoeW
86673531-K;ZnLRlfrXaC
90557205-9;FRk5Izqu8c
71518527-K;vFkDxff5Lp
61981719-2;ybxv3Q8769
56586520-K;fV1z2ZQZzk
91021230-3;e9r12lhqXf
68902239-1;6egbLPr8Cv
61611893-5;RbJUrbldYq
39965931-0;XnCqW4X1AT
54522721-5;JQXkmfyml2
47596197-8;v8lC6tatzO
71566104-7;IfdinyuWcR
64898002-7;eplz9k6MXR
42523270-3;M4fVbBPZ6k
93451348-7;CqKdEkYszr
66441151-2;d50Rnm8hk5
92266456-0;MuEvrocj2d
48313605-6;YqiuwgIlcV
10172939-7;8SCSVucGr2
22596075-5;FbG5s59Qar
35321127-7;kliO2EP9ka
22987471-3;DC1O71WwAA
73623927-2;7NvgCV1GGF
31442088-8;ok9MR08n2u
91484020-1;M9OsRxZ4dO
28541017-7;oGosjl8bPo
98385103-7;NVfY1QivK4
80367426-4;XL4Noowhww
84204500-2;5gQT7jmMKl
60642006-4;KUPBVEartK
34550287-4;9P5COlgM5N
16257588-0;GxIybkd6Bh
57298318-8;QOF6zUiZdt
43938164-7;BCUSiTuMf9
94089400-K;VTRfI4l7pp
75619884-K;7NtBRfskUd
54161226-2;qYapdaHNQ1
95559276-K;cNrrM3Je8d
15004125-2;sxUaLe5lK4
94897757-5;dF7WefBsX2
93916081-7;VCcGmpOlSY
11944419-5;H5sYO398Ns
80250222-2;KxBtqdyWiM
72901064-2;JQkiTjML1r
76205551-1;jxGvWMrunI
21704794-3;JoDkMjZCCx
53122806-5;8lacHPKRLK
78494676-2;zTBUgQKtB9
55491370-9;4bSaxAAWOt
22820331-9;v3EAlxzM8U
39157706-4;IBGibNx6CW
22813024-9;mSWbjekPsU
66272538-2;M3RvG2VdJM
26411505-1;r7CbQi3r8f
23173550-K;IxDr85HeZJ
79180926-6;Z8OzUkJCKg
34304770-3;6NQIGQKygg
26953913-5;fhZUZVV0Kq
86553289-K;nuGBblg7GK
77617737-7;YM9CRHWZbl
56476072-2;qjz1W3uQQT
95286600-1;Jw2PCBUMGL
29541124-4;LpJ7iFRcSH
90040958-3;T6JfgC7xOx
82493905-5;9uiBvbevwB
42386467-2;UfswlCt7vt
31904763-8;z5ZUmxrQp7
63811086-5;Ryfxfx33b8
48318592-8;4c1d4fyrJD
87324579-4;A6YoyI4Unl
39403053-8;wXaToSCgYS
48214668-6;xAr07XcVzS
65990067-K;8WxkrHFxQh
79359757-6;5ULFzw5H2I
70990316-0;mOQdEdVkLH
61530131-0;Eq9VC9raks
53736655-9;YG9VAM0OLW
33561316-3;Wi6NtpQ80l
61805305-9;E0K7bzxYoX
13107513-8;UFnL8ORIhk
90417726-1;G1tIPF6HJk
84764564-4;TvbpTeqmsP
90924390-4;Mxnzaiqsqd
26638785-7;icZcHBj2z1
32410021-0;o3i92jhqeV
66912971-8;EZW0e56RwP
67967962-7;5QCi93Mf23
77319337-1;eARD4tNlxU
22989660-1;hCFDLLhVO0
47827839-K;URcJMY0Ch0
79268707-5;szQJqxUw44
21683594-8;R3CvO0yXon
55733548-K;yQsvm5HgOQ
81657028-K;BeShE0Sv7i
55006458-8;K5Fsd9bYuk
58587925-8;HlfdAdR3Gy
84514745-0;WCc7TrlCdE
13578207-6;Q5LUzuFX0P
24600650-4;NXiYbrHiy2
89608760-6;yQBp3m5dxz
96668860-2;97f0FvKSet
90383824-8;lX79MLiWv4
31744998-4;MUw7nexPGz
49046864-1;6eRNVwPO7L
40729099-2;D12eb6fQus
94197776-6;5yq5jOWvJN
82916220-2;P7QTxjJSiO
52665849-3;6y8ScMS5g6
91548939-7;om0vbfqiEM
44194619-8;dgEoAPAKKR
58592084-3;kiJkkjotMz
40735981-K;NWOE4ots0g
18682285-4;vNIXBDO089
87502203-2;53DPeZYqT1
18751035-K;g8ZLn6UWe7
85125338-6;utzLAjQkaI
26604258-2;wpqmC2q9GY
11710429-K;SlOCBatl3O
51334540-2;SXAyHdZ2FS
51268157-3;8ZfupP8Ip9
21076249-3;tIIYiLXgJz
96695541-4;f0Z71430bQ
46219039-5;XxUSdN3GGO
27907680-K;8RpgkhjEmU
45019616-9;04WHzdNjkv
79336272-2;SVLS1usjT3
74656911-4;qm5AvpFfMM
37750773-8;KiV9xypY1T
76431303-8;PgxtOwRb0m
27999059-5;mEHC3G7yoh
95202070-6;m5JKWDZxtw
48464641-4;Nvo20UrIMK
72203135-0;bwpnZAuvAq
74073266-8;9DdlkPpewO
69751777-4;9DadIavYH2
69265829-9;3wgaOVaPfU
93362275-4;mLKgjjcXG8
64317831-1;T0o9MgtaWC
73204819-7;cFHs1IQuMv
75395999-8;fNycWTYoiH
97012000-9;XmkAGEMZbL
18581512-9;7e4OSAgaqQ
64147536-K;CgkS08O1rg
33465684-5;ILD7a3Iljg
13303571-0;wF2hRnUli3
27415540-K;YkiEPPkJ9z
61586575-3;xlZ7GU9wQo
90083440-3;oSMqShmUgg
39892157-7;cEf8q9kCrw
34901201-4;QkszIIkyVf
43943896-7;iOaLmFgqp8
17684934-7;suZpJ6tKGf
78149938-2;EFLVOivFUt
38380900-2;C6RhhPGl1U
56303689-3;xcCCoLZQ2Z
59297151-8;7rOEnWRsOv
98288963-4;Z7CuPUlAom
40832572-2;ZCxsuUKF7W
82219535-0;kcoIVt70rm
23821269-3;9ZlK6q2vzG
49047942-2;nsSHLJXDe6
80366371-8;BUyLEpm4Nu
57260564-7;PXIqXAbYMi
93609397-3;5zLRotk84d
50403494-1;etkt8jKzmQ
73085678-4;yECWm5VeK5
81978420-5;eZdK5z4X6V
49016999-7;3Ve8sokwqD
12078561-3;g4WJphpWzF
70251705-2;g99B5xxgTU
51278959-5;ORpP0qTnth
22701956-5;J0Jo8wDu2k
60567323-6;ypIgfO2Dbv
89165926-1;81fZCuluP4
39373827-8;H9ZTKNmVFK
60842172-6;Rv5tcxTm7l
24598568-1;mSmaWeAHkw
14328134-5;3je1xhhppr
21057606-1;zdLoIjSWc2
40238350-K;QSYVMUni6p
56373740-9;POAYjAqa4o
21671455-5;IFLrBODxmi
86159483-1;E9Bl63zNjf
52115064-5;9X8dp1k3Ls
86803265-0;QWd9k3krcx
37390977-7;RymOUioTpt
95286845-4;MzR2oNujsS
68439355-3;yfWpADLqkv
93805545-9;ArgF5e9AXX
47742886-K;w99rpk0Sdk
68428990-K;EW7X0MM8Gq
92646927-4;tXj0ZSGusd
75973459-9;uYkt7I6wwX
34951333-1;EBDIP9QtQP
80739190-9;DjrJlMy0Xl
62005988-9;Tb3Xl2o5Ch
11531213-8;ROYaIKOEpU
20110967-1;6neo2R9h7z
39087801-K;TAbq1xQCZ2
19297653-7;FFxY193TyR
90485859-5;DvFh25QiGo
80582419-0;AO3dTWcbiR
42301306-0;vx7Bx6M5SQ
95669600-3;OwJzcOzU4t
93936029-8;rFdS4SOq0H
80584806-5;Sj4Xfo2qgS
22246650-4;vhiZVfKzfN
38519589-3;dw3AI4jHnz
18828902-9;NWKHBc9vXF
35086020-7;ran8biikZB
83202058-3;NgVNljzLSP
46601889-9;fDDUIF4B1t
46789448-K;XRDCOGXbo1
32887239-0;LdhMzm7ost
10243320-3;mw8pJPXVv0
47184619-8;l5NETAvWsm
38819775-7;N0ZUAcqb7o
97001796-8;wLuW3tk8HU
38539043-2;hE6iAuH4oH
67200229-K;YVAbRiPpTY
55252140-4;TvagdVXZF5
26211691-3;6Dv9N8TYeI
95194609-5;zf6P7GK82N
97053965-4;Kucfy3PzOz
68546704-6;7dLRyD2hwe
33558039-7;k12A0cwvV7
73877016-1;NboBIosa0T
14099659-9;K1p9dvVmjX
80481738-7;iX6qylGUa6
11374731-5;xTsNiXyYlG
80200396-K;8wtnZZZYxc
32402518-9;OGVhZm1oKN
31913696-7;BH5QcwPhRh
70098953-4;zSQ0riHTH8
66742890-4;jXOozXV6sX
13240917-K;5bUcBCTVZm
92978609-2;vXE0RZJeOt
37471761-8;lFlUDdm1fU
75469159-K;Ru4VE6Lnuv
37430921-8;vAKod2MC80
63137007-1;VmgFGAyVqy
13609090-9;oH05NsZDsT
27352278-6;FrQMf9h4QQ
27933434-5;vYx6wdoEEC
52283181-6;qTA7ZK28wq
83308283-3;E3sBcgsowL
58342428-8;rLVr1MLlki
13837564-1;PKiyUlpcmZ
94742354-1;xtoFfW1TIh
80236149-1;lrJRn0tKQo
78788903-4;u3oSxhWjyo
62248615-6;G5i6GmRfmr
28624137-9;qSiQuXIPjS
21668624-1;fpJy7XRYu5
16441278-4;pFGafg18mT
60734837-5;qTVQqK1ZaT
26187557-8;qLcx9HRk7a
81849078-K;Xg3Oli7sl8
12148716-0;PTeT70HP9x
29857422-5;lvjK1xKOdn
90492537-3;AqdcxaTi9x
11325960-4;OBeOIZCVlg
80472772-8;DOg4wNHlAP
67982341-8;ltYDHTsMVA
25148844-4;r0ZY5meXrt
76133746-7;0gm5pZQNXy
94343363-1;eFJa5vNF82
11867961-K;LolglKeSt3
41432225-5;eycLKyjr85
92499696-K;kHAGDIN6X7
54645145-3;O0zvwO72Oz
59069895-4;D3FavJyKMn
13087297-2;NBenGUTPCB
57795596-4;g4M2ayC9ty
53170226-3;CcwSCxTdTe
49378414-5;CkvwNaip8z
96555366-5;7ypPyaaSB3
10816920-6;tH20aX6fyv
26828892-9;S7ZhUnvUPu
34274715-9;390cLkRDC2
58980229-2;E5eSVq8lmG
70537428-7;bMTx3Ob77f
31881103-2;2oS6jOizhn
59348740-7;vrBpQF4umP
86224593-8;ozCIiTVMbn
87127655-2;PQGESnMti5
90521326-1;m0CK5QaW8z
40869203-2;Sx5x3S7ev7
57663641-5;fiTIRuv5cL
46887130-0;4FdaM5oPSt
65271465-K;SmTb0VpTDX
59408364-4;3RkXRDCCEe
56957973-2;Gdp1IyVN56
96526914-2;Osse8oXFXz
72750579-2;9okPt5STNt
45418465-3;AFpL0l3n8Q
49253664-4;OV1o1Yocdf
91371178-5;CKjcesL4pa
68640935-K;3UMFrJYPtp
98719891-5;SQlrKyJw9t
15234701-4;t1xfCMntXT
25141530-7;72smkC69xg
10018749-3;nGgkfXenNJ
23976696-K;aqKd8fAqLo
23991473-K;EIsM2KyM6a
37666127-K;rKJimgG1Y4
21198698-0;Y52migzNzN
53772677-6;lQWe5F1BiH
73196820-9;er8Dn9m4tO
74083095-3;U7VMKZkwKK
40441935-8;Ok9lJD0Nw7
86100112-1;iITNmImNC0
14738935-3;9PVHtRCLi7
31217428-6;piDspXJE9M
47448741-5;e4HIjKjUCF
77999462-7;zMk7TKuld9
64846116-K;kP29u6mT3a
58372773-6;QMxWxImcuo
53080235-3;65zeePn6Ge
42447556-4;861WntNSlv
39042782-4;qsThVRzyPR
76852315-0;eUaytl0bzv
19917975-6;BNx57ausu6
60377358-6;7Wow7j8yFF
36208184-K;PUEjvkHuTi
13296500-5;Yxgisk1GkQ
52558130-6;32l6mw865h
64731620-4;M8cNDeDvzj
36710788-K;YMIK2v4zr3
87713261-7;TAnnyUQhKG
91723091-9;K8zzDP7Hlc
11268746-7;ftBo5zvGzp
36497461-2;FjDOFvPtR9
97638125-4;YeSO2myC2U
90667999-K;uu03sQn2f4
15246164-K;CNsFAnpcbb
30935843-0;1eZkOcgNEd
11433142-2;7zWBBNIDX1
75447585-4;oTE1KCma7i
50263935-8;pqB0djDNY2
95354017-7;hAkPa1sFqv
14342221-6;ZdkWfRG1dQ
98106592-1;kr3f7D3FYY
43820366-4;S1lKPGd8G2
74228253-8;WV3K60fgeI
33341492-9;FpRfHbTexa
41041045-1;gLQLo88qme
89833317-5;1GTAPZEjYr
58227215-8;48Om9dT4V1
98887882-0;KDzWf2pYiF
57927156-6;Ro5S912dfI
52146271-K;c1uklaK6Fa
75924864-3;cH7NkkcRiv
12887430-5;ae7WYvWtRr
10351744-3;us9QVCv09M
85162557-7;i4iVMRRXdt
95056182-3;t6K77bvfBS
60202423-7;5ljaqgQN8U
76521703-2;B9FpdLcQxG
65035128-2;SwJmldBImS
91288562-3;upFotHxFQl
60612059-1;j0Twm56fRI
95746289-8;OFbUOT5V1K
98548412-0;vKn48fVF0m
19104346-4;XuYEqn6dcd
28599949-9;uqL16pfXqf
86401263-9;e0EljRCxTh
12394362-7;rdgPavgHzr
62371431-4;j9J9Is5S5J
58575548-6;vgxBt5tDjK
35898893-8;72OfQZBK3f
71327371-6;R9JfvOcukv
62600975-1;D9CLiR3NUr
20564267-6;tAHfqbShik
82774503-0;RKhJNUz4e5
71433600-2;G1obc5R6pC
82742024-7;FLIoJGOFcy
10669580-6;TjsybRQhqQ
25222010-0;8GObvSdEn8
95347373-9;YinLRnVzyU
94523542-K;O4eWuFe325
89326931-2;JAnk8L9Ono
62857054-K;uxK1jI8Jjr
80840836-8;g7fXfZz5Gc
73402614-K;8LrApen5ge
37388670-K;F0H4d4lpCn
26243578-4;2mP2hsB22e
54983334-9;W3LxBZjI5r
14726212-4;I8GsN8MEuE
85734173-2;NNS8lZThkT
35211740-4;3WaEOquPAc
57566236-6;nqb0KAyRsR
15774578-6;n87Prg1JJW
15369767-1;NdHE6t0jlU
87813003-0;zAcgyUJm7x
87359493-4;xzexdhFdSH
21247554-8;eEJ2EIy072
53612968-5;bWQBKsCadf
88739690-6;YLj8tVgjU0
82217580-5;s1rMQdApMq
27151077-2;8xvsmjGWes
33362774-4;ips3n3ajlm
36294558-5;X46R6cwnsS
74346774-4;SaX4MWLjcp
70290356-4;f66hAdW3Vt
13930813-1;MzJ3jRC0Mn
49070632-1;vAsrX8nZiQ
78429248-7;85rJCVIN0p
20386471-K;hW5YQAUxEn
34517851-1;Ca9LLGIMvE
86935233-0;xVKxo4ZY0G
58364231-5;4V4ajB5K3J
54526491-9;EnVOx6gZaQ
48386351-9;7I3ghaZcDL
95108972-9;WvAVZcTsgy
91689219-5;QHAiKhqnFg
81585639-2;Q69uQnDEPO
22459120-9;eJhpGlMqds
99246389-9;2h7ZNhYbIt
56662665-9;mVfCdvwk6H
31082903-K;lPzf0fSYqh
85298289-6;LlvuL35pYf
65837350-1;ZVdQuGymhE
29025036-6;ESIib7TugJ
33712553-0;9dTzDRwSm2
53071005-K;FUKbHHdHKY
52739733-2;wWaAbfBaqy
17495339-2;2CXcufht7h
49337699-3;6kD9UYXwJB
13507366-0;l4t5R95C2f
89231538-8;ucNQKKdGH5
86498965-9;VeMbgZIkAS
68766356-K;bft6ULkldU
90785784-0;Q6c0FEGJSE
80091874-K;XlYvoesWuL
72309972-2;8sUbI5XDcv
40596014-1;R6vl89xrfA
61825066-0;GwD62Tn1Ft
91713436-7;d1XzAUGMkW
11405248-5;5Yy1UkR0Ja
81807874-9;RGB6h4QGDg
25196792-K;6rcRMJSMFR
61878950-0;fSf5pceNlk
44084947-4;oZ4lOPCY30
11157603-3;3zbTpRk42i
23266052-K;1b3NMB0agJ
32744536-7;7gGhtTaC0y
17237692-4;pJkyDrGiOr
67182193-9;LiqspMFEoX
58942814-5;hEsiFrdkPm
12057571-6;A7qNdy2Rrg
11473626-0;DcyLWwxU9R
72391854-5;yKFOtNJPcW
95132154-0;mpMXYOKfG1
99870018-3;NuCEkqEx5T
23093052-K;sz1cJhyBgc
27100087-1;Tv5dhxxnuA
82116830-9;ahe7XIZJUD
64629006-6;m2N9vJuU0c
36396398-6;sMAl3u9jtG
76432298-3;ipngmOv0mo
74498480-7;xhitssuemW
70101598-3;EnBq2aStAy
35418257-2;Z6ZPDJBH0F
13790268-0;L1zX1IkDyx
96093196-3;bA875H7iDK
74802571-5;qvbICrhdoi
92098764-8;KCBYoM2TGl
74201917-9;JMykgHz2I6
45311593-3;NZw2cvL1G9
17719622-3;a9n9SikasE
18380477-4;L9lifpDLcp
34457502-9;Rt6c3HsXDi
54610992-5;ip9RifqUVY
67644643-5;e36bfxXSs0
91486275-2;txFAGFXhnS
11020362-4;2IundgaCS7
81933442-0;6MVGS3oVwy
24684037-7;4yfSLHk370
59153973-6;SceFOsDnJd
39491857-1;KMoGRLqivC
28042431-5;yrjEw4A9fK
59378613-7;uFLDbSMcQ9
64109716-0;98iPzJ7oyD
96641700-5;SHBeNTvuMs
77724281-4;JcYd2FX1yT
75926281-6;hSQd7DeDX8
71464302-9;RJbfmVeygG
61488632-3;j0XKNxaOre
47834176-8;xhIbd1nyIR
12659042-3;vWQ3uuSaEZ
40361808-K;XA6ikqcSlO
36187864-7;hw0DXeSGiP
91814088-3;KkfbkGM9JK
91170252-5;cnzvPQDELo
77595433-7;PB89bNKI5p
25392519-1;UfgqR84Apq
63691194-1;YiUm34s5ia
24213876-7;pB1jwwM4b5
41275542-1;cTDHLtwtl5
50659661-0;feU3WpdCsR
70000841-K;PhS1aNygDr
84600416-5;dq3GSCzId3
56522069-1;wA5pcezOPU
95331050-3;XTKoVGxdoU
69718406-6;517fQpqY0v
91315478-9;2EyrpPWjFK
73704890-K;0Ng6a8lWqS
15656883-K;RJO8AwOa81
99971384-K;I1oz0HNSWp
47154222-9;Av5x2e60fH
77850515-0;fuOsQcesb7
97672971-4;NhOhFThBDA
78688268-0;os9ViWiFLo
66393442-2;sRBAKKt42h
53383550-3;X4Ylo9r9eP
87916985-2;j6JTahMztp
34436685-3;WHzxRRl0nm
12771009-0;jlUIyPZyhO
52642916-8;Chi70BASO3
78048907-3;mtTZ0TAvAa
52882409-9;tuESUdJOh8
47892369-4;pm5oHZji4f
38499372-9;nSddqyWGCQ
10263383-0;ZP8oRoyhYW
74499650-3;zkmpV8m5m6
71223264-1;inD2MLm7fw
91311897-9;a1DEq9Xy2s
16401107-0;svKDixXgx4
62478872-9;U0LKz9wbrR
46249879-9;nzCtXgjgCo
68543580-2;a9RC6enBjt
44767986-8;SrhSZKVPPS
31429849-7;j6fBPiN8HK
19536071-5;XFBIqPe7KO
20584039-7;f6ZqOfRrg5
55662706-1;gLcFstPiuj
40989419-4;vuHS1R9Jsk
84053776-5;hzVVpi3ksF
14584537-8;Vm7MzXhcL1
23138714-5;DaEluAPQqE
51673725-5;mtLgm6hxO6
72884561-9;psIbYKrWSL
10661285-4;zldgTsPSTZ
26162131-2;uz7YWvBWNJ
82040222-7;sqTMS52NK8
80942227-5;piPEOHUBGY
83556115-1;ReXooEj835
42135514-2;j03TpZjQzl
97536028-8;MhBYrhY3nr
78419020-K;LYJhyOjdHQ
72232511-7;DoQE7nKoFd
60809160-2;JuDIsj2roi
69199834-7;1DVVuBZCiy
80339540-3;WoJsgiVwoa
31218194-0;HSbEqgeXg0
87623124-7;eIKfBoHe16
77374518-8;7gxz8rrJGQ
53449159-K;uKFTnC0Upl
17379477-0;hGR63T8NFU
83496256-K;6MdEI809kc
56938736-1;HNpPsc2myl
29008822-4;ctsHPsPyKw
97829142-2;p5ckk0t3AP
76027695-2;0yWWPMOPJx
45858334-K;AaHSsBJd7l
51225536-1;8PkevUjsph
58666945-1;qb1D4NjQgF
39443623-2;DWvJwSft4H
45279383-0;BeJw9RcFFB
40734143-0;SHDpC9CpgV
88341795-K;ScyK09lGbz
57545450-K;B6DtGb2aPZ
81503616-6;04rcf6UfTc
23276388-4;YvhNUY5Bxx
16965813-7;ZLRkApCWYB
17027278-1;3UUOMoEmu8
45843788-2;tHCQx4teBV
14317034-9;zvo2bJsCdq
25566926-5;2pxd0NfKoT
59286274-3;Nkj9CmudMZ
77584623-2;JfqEGLY72t
83940327-5;iLuQXXYdkL
19348399-2;9uXNgTXaSf
56732792-2;VvOClyirMj
45486922-2;7Azu1ko5mJ
43265130-4;epXBK4XN0o
63874399-K;NWOHkXwbSR
23850143-1;5CURnz1jeK
96294254-7;tYp2WcbM0P
27582298-1;9XcP7uOWJp
69084476-1;FFOioxrRm8
57395719-9;SlZqhtEoxA
21741038-K;JFP68eXVVD
89708135-0;EirdtNKA1r
37980437-3;QgvCULrKYN
75846144-0;xq4fq4QouC
99108712-5;DtqyHXztFb
98314771-2;OlaVRH7NRt
83806343-8;51rlo44HPG
26811718-0;2LbmGLNi1J
64783953-3;kbtmhsSYlW
53582393-6;d2WiPFhE7Y
90797119-8;Pe1OHebbUE
31890034-5;m1NMSPxVYN
62154282-6;xO9MmdI1HN
70808727-0;0xfY9Yaeku
39847722-7;70xcJX9BBF
17249853-1;gX3OzLMvWq
22993400-7;j13bBUaEo6
21076773-8;fDL66ivLo2
66387571-K;uibTKRmGTa
91909106-1;kxhGjv21CY
13868451-2;PytKCflf46
71225339-8;C7gaea4mTF
68139618-7;ER1xfEi2r4
69896149-K;YGZyYez70e
55979132-6;t9ZweZ7Q2D
13112815-0;0cI1BhUKpp
42563525-5;USM8Y0r1Bb
17835220-2;R8vqCGiEnw
96706594-3;p7HX29Gc4m
15312778-6;UvCOflApCC
43988714-1;jjGRJkkHAy
80118907-5;PCD9pa1529
85687411-7;fFJPyXamv4
32337917-3;sT302V5YyW
96774539-1;kK2YqT8vr0
82350403-9;MTfEiJSmny
45400592-9;rUBxlW9js8
91399906-1;mT0zMOvczd
63789155-3;BHqebe6OJa
50783985-1;7PxdThn8s9
10240394-0;gg6H7WyKLr
89673105-K;e79tHUYUMT
18963157-K;xaVeFThxbn
27025140-4;N7aciyKplv
98065721-3;y317O1oJRg
18298482-5;fNvTpgU1uT
77271368-1;ZuYzRexzAF
64789479-8;nrLeLHeNGH
62619173-8;5kYfXihoUm
39742995-4;Yqb1sdX5YD
17111078-5;l0WGR55W3C
29372657-4;lX0Gcu6AMy
22783693-8;XDFTd74Ny2
53755992-6;J9CF1wCyGo
34764428-5;8iPACMh4px
94166111-4;ngbLwjjoN6
53494662-7;1MVW1hX8Nz
33641767-8;2S4dlRE1zH
19038764-K;D2njzlIH3F
62249029-3;WREoBNxxWb
20922357-0;e77LL985Bo
67825293-K;HkbRiQ1QWB
34277898-4;nCYjnt5crj
26499860-3;yT36iaxTzE
37873556-4;DlutTSInPe
78002143-8;un1uwTHGjG
89776997-2;9jyI39uP8L
67561872-0;ncbSvxTGAy
11720219-4;nvrMY4ZMab
92728779-K;B8LshtDdTk
28414737-5;c91edSfBKz
69805817-K;A8A7A9i0tW
50453134-1;yx8qRI8gCO
47881046-6;A5tXzBfVJY
33744064-9;bECWnpSfRN
13035603-6;GTRTV9r4tT
98580774-4;vuRrZGgDZQ
57527889-2;FXy4dnveRP
72237461-4;ZLWsOxwgNH
79961150-3;q2D5xkqjN8
33738130-8;2M0IQjosZz
93338625-2;7oeUfM8OW1
66230456-5;DRwfqfR3Jp
88382436-9;Dyz8zTWmq3
85226430-6;sv4Epqn3Q2
11412600-4;szWn4mfP12
51471192-5;9l2iRloFP8
62809437-3;DzdVTUYKXL
52544381-7;1rqrYLLvhL
97805388-2;oxqFOBT5dv
80028531-3;Kw1xCvmXTm
26435209-6;TNMRC6uKe3
40548221-5;Kj0TShBxFd
34613318-K;AJijyXnKGM
71284315-2;2wwTg9KFTd
74780677-2;I0yqoYughq
64853583-K;jbwan9equo
68152355-3;v8tDKePb5O
32287767-6;ii5Cz2Xm0f
64266077-2;WH1bvDY5oh
77862943-7;rL6tmcVaXt
98986138-7;loUpxlu5Sw
74663367-K;7B0DJhlAfn
94657999-8;WWpno4uTni
20973860-0;fy9rIcRr7X
95139373-8;YnCCORcyFu
57711044-1;TMEUxd2Ha4
67899827-3;gEWU33pQt3
34506695-0;AtGxB85lrm
23817121-0;N0QKH7DkWT
62643846-6;MYatvO3Jhq
58171290-1;VhI9uV4C7o
87253500-4;NqklovbQTS
54182246-1;yuLwvorb0Z
69160416-0;3VLjoKj7y6
82775176-6;AElsUmsViM
28200102-0;ybQsi8VVMI
93451510-2;QuIJW7VJ8n
37097258-3;fKZcO7mJII
77685403-4;qhcGJrufo0
96890558-9;lw3ugT4btH
78659186-4;tBcVk5g7tl
10765056-3;vwMMcurXoO
51651781-6;AirGom6t1P
47768598-6;2pp5TxS3GJ
57466168-4;yIJD4VeKGd
28821075-6;Qc2l7ErCCy
17542473-3;bWCbijm2wR
35296277-5;HlxpC5V4D0
35098178-0;64tbgZdjst
43023090-5;un1wznvCVr
12604472-0;A9iHA1eib7
56029324-0;niDvQejrjK
75641215-9;pxsJhBVvZ1
83670287-5;BJ5gQmizbr
70035310-9;MulZwRMetf
88145961-2;liONdwxTf9
75161052-1;b717rsJyK6
54758479-1;lDX2HZ7rKo
86583563-9;aUo2h3sXmX
77187772-9;Jqb6h8WfXg
18920413-2;sm1koOCqHU
34815871-6;NXDwI9l93V
49929750-5;M2N2JBGb7z
54048478-3;jUUnSxepgI
40892216-K;RM8qLJ2j2D
89036714-3;creV5rmhNc
54793883-6;4qE67HiXjD
27123000-1;hDAN1XvM9L
50153117-0;x3IrDPC9Zl
72079717-8;9kdlr7Cr3v
32795581-0;K6RaFPFqhZ
77617085-2;s4IdY5sA0x
81872795-K;FYXcVrNV64
64517195-0;lLVYzPCynS
47620476-3;3iDKkSgWtK
31461152-7;gbOyDoTP1a
59616205-3;joC817csbg
36791753-9;p3l3fUtz9D
15817002-7;G7puFrxcWN
92676950-2;F1xMTW2MTe
22432620-3;YNCIzl2mAJ
57575999-8;2TUkJeWP99
36235186-3;9rtG7sfD7P
93594812-6;fza1U73RRD
46029946-2;mr2L2NsZMm
27035509-9;jfmxS8EHfH
67855058-2;7e2A2KzP9Z
54003264-5;qPlt0XHick
36330392-7;dMIo12Q2GT
98526275-6;xhsXpru03g
85924248-0;A56GR2ayN5
73686481-9;BW9epTjOm6
31065237-7;ol20KPs3nM
66990671-4;pBDddlIQkp
67260089-8;k1yVdQM9hm
43327968-9;iVhmnRCK5c
59371456-K;yM0KvM2DTO
44543269-5;jZhncpDyA3
85518151-7;tR7W6RY4X5
34491877-5;VorR3DAwTZ
22539897-6;LMKL4UdCLl
41648990-4;Gn4sgVn7og
28702092-9;VCbDTaz8h0
10022799-1;mTPUAhNbV2
66268987-4;gBXrKhfu3k
49777846-8;4hGOMz46xK
84589577-5;hDXJpOXceM
37000896-5;iANfs5a07t
37360286-8;sSM3BVWNZ1
39865452-8;lTqZ4OhDnU
20616257-0;S8xWMKB8ie
55591631-0;5SyDq2NQ5g
45171270-5;bX45Y25yH6
50185451-4;73BLKp3voS
37012083-8;r1OetZHv31
13463594-0;osIkp6I3OD
39823950-4;So7AJLTgY5
67807861-1;BeSUJ6Ol9r
43985020-5;7lsu2Kny6O
68572723-4;StE81vzHgW
81201896-5;R6ZixHSy7h
25883842-4;90nhaIsQi9
57922788-5;me3lMicWGt
39826542-4;MzXsd3r2bj
86989609-8;tFCNjus5Ba
14250851-6;y1QYMDlu3M
57732998-2;W8Z4GtFpv9
17074160-9;vFzJFrey9S
16221425-K;cgwRZ0zOQI
91997837-6;ySXyxk9fY5
60315519-K;ilRPNkkKlq
76140275-7;8GChzOQGuf
36007297-5;UcO6D2NQSJ
77340886-6;iaHLDYWdJQ
26842098-3;2E2vHSweJx
51711653-K;YLpqNGsZX9
13414122-0;DwI2o8rVQe
16121970-3;GTlncOkcTC
66787115-8;GTOBTIkh30
36988418-2;YbLU0krp41
89534636-5;76NXMkRyRb
63336558-K;WuYFPwFPJ9
79971039-0;nRJur09EVQ
57108460-0;85iC34hjLh
97898793-1;BiDi9gym0z
19607986-6;DC0cSvLGrU
83532117-7;aGL7CpE9wp
64438179-K;OogCJsYwyW
73877991-6;NeazN3Qfvq
86497022-2;l9ObehWqwt
49651903-5;TVLoHxo1KB
37669511-5;LS9Oa0HIjC
24580467-9;KmVt80p9EK
46680342-1;SKneHx5qHg
77779152-4;lbtqLyDg54
19064907-5;gklwkNMVb1
36450876-K;8Ry1SwHNLo
70407239-2;EjDwCig3vI
34321812-5;dmJzS3xuBU
26792189-K;KwqoQyroOT
23360190-K;cZX9G2qIUE
35125558-7;wXXP2dU3Qm
14727330-4;HX9WWg31Pd
41149079-3;SXhPAUccRb
72856840-2;oHJ07HvRrX
29162741-2;JxPeHBmnS5
42147915-1;61E7mwh39D
75512303-K;63EEWnDQxT
97683502-6;iQi8Fss58e
36488328-5;lTmuzxQndD
13275407-1;opFLx2GbGm
71718329-0;CSEwk4L7L3
73592902-K;EHfxeOtfQb
13796468-6;EI838wJIyc
42406722-9;nFSVkJyQMx
46567014-2;l2vGgtuNrI
42025108-4;bmE8d303pJ
19227565-2;vu6FTERrTP
65156591-K;YVG8cAFIxl
27890599-3;ZfBS9J8wrY
47873332-1;f0L7ibFaDd
52801669-3;skLw3ii2Rm
60370131-3;uJZJp8WL42
21922190-8;ExH9mJUdN7
49669864-9;eLtiaWaHBP
93980603-2;ZykWf8XRES
97875131-8;ot8SLVq9xl
99289817-8;ksR8FY9hEI
24675507-8;OB0sybkohc
20070661-7;QlWmbvA1L2
85606444-1;L93iq5BcW8
82377672-1;GWlVfrKU7G
35930782-9;M0s1FwcuUb
85793315-K;4UwwN9RrUO
86950720-2;2f6laSmsEP
94958424-0;P2hFnaKtji
80026601-7;wW5mQn568c
76870686-7;gBohClSvYi
43704326-4;gTbgNwma20
12036351-4;1pKb9GllKU
58428700-4;QSXgoO9rBh
96884320-6;hNfDZncuzj
72053302-2;mh1avrCzeJ
78567377-8;jtzjY9fvGb
83830186-K;38pG6z7RTY
92982269-2;xDTpRJ8ImT
48317942-1;aDhqpm8nYY
37068987-3;ELqb0RIzWg
21903581-0;YLX4aKUX1q
26923268-4;gQQflQBAxm
93358189-6;t1x2F4XsHm
11169306-4;taDmlxg6Vx
34478395-0;m1SV4DRS8x
87328451-K;nw0aPAM08r
32009457-7;9c8YNEFwg4
34389023-0;AGyhssrc85
23935429-7;fTZPVf6Bw2
23984314-K;8bpiPpvvLK
11859559-9;yLVWG7QaYJ
17629537-6;MrR6rXl2SC
63260942-6;ueHsTtBN9J
21086726-0;uIIZwiuh1t
15498527-1;COpz7eZZsh
32838959-2;UuHicy2VqL
34251919-9;Qyvrk69PPg
34183060-5;xKspb0uZgO
82903634-7;RqFdjB6WEu
11601257-K;kCJRwaDM9h
84531446-2;LczB5ta4o7
65284118-K;LE2YD2VFlq
68320128-6;XxtgO7j7Cg
27365939-0;HgTUgpmyIU
66050163-0;SVCKRGb9nr
32690119-9;hgylATHCkD
43702047-7;wEuwfK6JgO
49269800-8;5uX3bIQgDU
81177852-4;CwiXVE5ROt
81074591-6;flQbDGppFz
23024901-6;cRgVUWvAQM
44955076-5;4kE8QyEN51
96487284-8;NyYUgUQaLZ
24792740-9;MzqxZU46NG
97489919-1;2pAAUIidXO
35474040-0;2qm7WvZwus
40762423-8;iuct0c7xVj
12242754-4;FfMP0uDUkI
39205307-7;xPY05tU28M
16424066-5;OQy3AWHfUm
51302153-4;qbG4wM0Now
51039185-3;Ulcdv6prT2
13161521-3;STGT6DFj6i
85924928-0;5euMAGio97
65955276-0;0QvGvNcT4F
14271014-5;77blWrR5Ri
26900784-2;NOxgBrufWT
87751481-1;A7EKMnhP8m
82622478-9;7WA1Fjq7HB
70395467-7;l5KJxHnBqQ
22838003-2;ss0UBkXXQ5
88220090-6;cLlrDfmajJ
58854940-2;p690F6ybeU
80324283-6;SnQCqmQrzK
30833572-0;qraNfka2yx
34186476-3;2662chIHE6
47615965-2;cVhh5jNcmf
41437590-1;Vi33CiJPYh
55211373-K;uQkChKLSDS
56381393-8;nnpf9orgjZ
91344802-2;9eKyjBs8Wi
54660426-8;AHAOyGlXQi
10423368-6;qnk6VsuxkH
39243507-7;abFVgromRN
86443831-8;hOs6Cdl1Tz
88676025-6;e2chKvvrqB
77557052-0;nK7HVETQiy
75271524-6;nHzjsOUTku
15629906-5;qwBQLY6AGX
52665493-5;h1FjFE113K
94821630-2;08Kx2qraOy
15643070-6;qtz3JSrdDn
42540650-7;ua9iEtpNb9
83082769-2;gjXe2LvekL
42452927-3;uUsZTwhRnY
31221121-1;PjM9s7r6n6
40849166-5;Ll6Yt1otSq
23257664-2;HTnWzqwSLl
37701328-K;HWjgzFHYrk
86966030-2;I0Tn2bnuYr
56290281-3;N7Tu44CFHY
10655213-4;nyPXwN4fjB
28165501-9;EbXGwuVz2C
54066812-4;nOOYRSHVhp
17512021-1;Hm27RteKoN
86905340-6;87J10W1Mnc
36236502-3;GsUOqZ5lOK
29104577-4;btfFbiZLU4
98503938-0;ExOVwhxJBg
46479531-6;x9f6eKjB3w
97588911-4;nEiqiW0szl
29865029-0;r17TJQjRtT
53078419-3;XH6xGonU2k
17211936-0;3UR00ZSvgu
34679768-1;C4PFUDPJAV
34823591-5;aaRlTRfeB5
66670888-1;R6XHq75dUP
13087171-2;jfEkVCZwF2
34211642-6;q9sHn8AEpC
74634411-2;4tPZcwEjs4
72025426-3;KTz6VNMR9M
64512490-1;rSbwLpMJON
93024200-4;OmnLGVZ4rF
28965325-2;wucZnSBZCN
40208568-1;vNflq1eoaW
77672553-6;omrniFXby8
94857357-1;XiLLwIMHVg
73846198-3;xrsvwGuY5i
90539751-6;6oeZyHJd5f
37520542-4;Fr5OkCinGd
15684551-5;vLscfqvKkt
65998623-K;cGp3S4SczF
76640084-1;TMhOK2RIus
71636536-0;WMW5XOZHTX
67929416-4;pVFQhi1a8n
74891667-9;rypOOsHToJ
39993385-4;WEIF7zVsJE
45488745-K;O5ljTX5s1L
15839395-6;0ITurARCTs
37652852-9;7oJ8c8SY5s
47464281-K;C04wK5VEG5
11842043-8;0mMwYZKnCx
83790018-2;rPr69WedAT
52823117-9;X5nYFrQM59
93764745-K;kd2oy8NAiS
43527712-8;bKhX3wkMPS
90954211-1;aMCcvZFEmr
98984026-6;HFGnQgtlok
96854574-4;tcDD1L00lp
64107816-6;VsQGoJUbiw
10462159-7;RtDZoIuUpw
62199088-8;OKyalx4SHQ
66895003-5;IRjNiJ1vYc
21464288-3;23NjIBIEsh
84884396-2;puhMi1pgpp
96480135-5;KzNfAY3NmS
33138897-1;ek7Qrd930O
62902864-1;NkkD4dj0I8
92180655-8;G2LsrESTU7
77429910-6;pVIeX5U4lt
33335526-4;utaEWykQZD
11815711-7;LGcU2pyW1V
70323770-3;7f2XpLosQE
36615420-5;7NjYUO7lAh
96682261-9;9sK1kJvpp8
64786505-4;knjE9gDgbG
95388090-3;U5muEpyZw3
37459240-8;FD5beCO6xF
30853032-9;VOlk4ydyZG
32575054-5;tV6XPrfTml
88244490-2;dMMmrPrnxV
95061111-1;gGliuT0Zkr
72030661-1;IItMOWjnxp
57771843-1;6IcS0qOCaP
47973657-K;OqBqgR7Pd3
67337819-6;vHznsKeF8D
67346260-K;xOqtVf7G0k
79006406-2;pwpKkxA7Gg
33748472-7;iN4E2lk8sN
43897009-6;iv8I5yvQwf
78871674-5;K0RDpjhbKT
44096315-3;DxJrkAKpEN
42784000-K;msnKT5Ib8c
90573854-2;QDTzBUppwQ
87658341-0;4PHrsbdNhd
39047285-4;Eb9AqUJ7u7
66009022-3;aeEpcsgpvc
10323602-9;dQ4Y3Xxwyu
61871253-2;iXJdKJWbBU
78618826-1;5V1OmZIUly
83013841-2;3V6xId5TlI
56763204-0;Cpmz3uNcJc
32581120-K;VyJbFaBaEL
95182201-9;zmTGGGILfD
75644268-6;sUGNG8kz55
87247402-1;VXkanTxKZO
12753530-2;GN4OLOaYDa
60865461-5;FRkyeeCHkU
69867269-2;Le1axja4J4
61505022-9;B4PPtWBLjm
89301891-3;MZTQLh9LWR
68755644-5;KbNTItAmcY
38493524-9;Q30XnTTAyn
24131778-1;DlLuxZtEId
96506711-6;X8T4WBZXpX
11632294-3;NO8wlpfvXD
55447448-9;FGHEUonalT
43036801-K;HCriH8Nk7n
24657428-6;Ciqo0NJUTP
54475205-7;ZK2wYmAjBI
31282369-1;QsG1kQnHpn
96897770-9;YBl5AbMPmo
26341937-5;yvmfMBVLeq
61471739-4;znwrvpJ4i6
27276112-4;LBJkDgQ1ss
22651494-5;gx5LG7NJaM
64706095-1;E5GJ8ycwWU
89587885-5;GGcgLNssHx
72371305-6;o834JYqtUb
32655637-8;4Le6Nxy3jT
42225676-8;oL1Z2OlPMX
51216900-7;n1oNo4O5S3
41050860-5;YdvrDQpTGh
70197219-8;nJJ9eq1K38
28867177-K;QTfzBP11yK
88558082-3;HbSS2iVK4s
89288035-2;Ck7Qm23aN2
51669954-K;N8rB78KmWx
43103210-4;MWDhGaRvnP
92518846-8;ttrFrZ3PPm
33858621-3;m7kTMCjIfv
97459173-1;dKzBXDUuDf
73707761-6;qMIy5BNnaT
84137847-4;GifwUPAvSC
69552964-3;M4KqcE2i7r
65237737-8;axESEV4l2f
49029432-5;UzJG80QQgZ
89050320-9;yIVjxhKx5g
65130790-2;EBCIf2fZ8L
51444853-1;8k0nGbprfw
78346435-7;1N622BEWTB
70213107-3;DiLjmeBoMh
27276748-3;n0wv7iGfQ3
76573299-9;aT96yZEMXC
80945821-0;DcLqjukeBP
94499918-3;cNqHCbH6ST
32600726-9;yub2tR6nlz
64897484-1;cmaywpGrHj
65211976-K;KsRuvkzFlD
50668676-8;l8fcVCkcX8
41119661-5;SGrJHOGw5p
22615438-8;C3jJu2oQnL
82455160-K;gyaIC2KZ5u
76090456-2;KvzfAhYS9r
63196041-3;61pe6PH6Mc
28385387-K;g4xfQvCOR8
28910907-2;39pxz88USg
37656947-0;uIQ5Qvm9B6
65871679-4;klPulmQaUV
68742174-4;WJn51ISJjq
12572827-8;m9K7BBu24W
49870219-8;vwTcEtXyGy
91538692-K;wRRlUjlS0v
77067147-7;00HdtGyZsn
51755040-K;KLuIix6YLG
39789907-1;oSy1SRhFjs
85165673-1;oVzumgEAQZ
96843604-K;xdob3donWq
21908153-7;F1yWkUthju
33985786-5;YaIJcdXB2m
27640625-6;g8I4Il9Fcl
98809144-8;A4UfswLqvA
29694053-4;1RPAN4JZ3x
98091484-4;ZK8YqvAnzL
18743130-1;SjBvrc4EAl
29687720-4;MtaQU3t7Lc
28933263-4;9dLRNPOD1N
74593449-8;CFJuLQ5KOc
85565174-2;AifeqSrK7O
96770067-3;G2FlnAIC3k
92275495-0;QmyYDhpneh
21309256-1;PlCFvqrwS6
74724239-9;AOqJYIOuG4
64283637-4;jCihcT53q6
58111169-K;uJdOXlbJBf
13963171-4;72vRK4cYgC
19821799-9;ifE75vUGL1
17121163-8;s1QJEkH6ty
23233565-3;r0z7YqkOYj
57447854-5;CASYvrzlCu
93532474-2;25nVSF9U8A
23151496-1;kAxTXvU6aF
46963480-9;W6XmaqBXr8
99781928-4;LTeFt2Bthb
70056066-K;YseOKU1sn5
41501871-1;2dr4QwVBxK
70848832-1;uL7mumfT01
82796610-K;vQTFZTrToI
95241592-1;mzeqn9ZrEH
74213228-5;JSVV2PA7VJ
70266328-8;H9LXtIS596
97302385-3;Td95OG2ib5
70071749-6;uNmwL0RB3G
81719845-7;TSHRT2rnjP
26457462-5;LCmZqEXzuv
13201203-2;bjxFVqAtCb
60498405-K;qbNMhemi3l
65204755-6;PdlcApUqSg
61945146-5;zVCxfbqrKA
59793845-4;BcJR0StCud
53325191-9;mqNNYYa2n0
45089847-3;FK4uaQYK7v
95036082-8;scPhryhC0g
24849345-3;phghSMxWZz
22964893-4;QtkbmCGGxv
64356334-7;Dz1NXXoKqB
58567661-6;WlFXnwRWdB
70724231-0;JLopbherFd
12670450-K;F1gjoW6Q7M
97301727-6;IXMDnhbqV1
99460038-9;pF2B0K21Nm
10459376-3;C7LvRuYrfg
46467367-9;ATTGbsqOx0
23289438-5;wXqrvx98l9
53455665-9;FiFyPJ9jaB
55578144-K;YNJgb2CuoA
97878711-8;te4FZcbBrr
35267936-4;eLxgm6zaxA
11504215-7;iEeQ2i659d
47109637-7;j8rLJ1Zzb4
76177596-0;T3gW8T4eqk
68064864-6;Z4vDcZ3dcb
84947190-2;nyJuvaszPY
91120643-9;eZ8o98P0vB
53093847-6;FUNWUtjoAN
21448624-5;mHZRM3GN9R
18289315-3;wHAShWZdoG
39097932-0;AThyevQ9py
64778988-9;7lPhdW5zjp
65831739-3;3wfpK4FcIy
76003930-6;Dbqc5AV8r9
91271731-3;MKPUE0Msaw
20134428-K;r2zfPhzBY1
49457601-5;EDd4s6QQgx
35172108-1;njTDoyxA5N
39732325-0;LGf6nahyEI
15986036-1;HziR1OmHMC
32064280-9;WMh5dGXxbW
94003723-9;JA11HVIq4a
47619974-3;kDlCIOtgpK
24366860-3;VP06gpO81T
53052737-9;OKoucpUsTT
57121238-2;DW4lGzhGFb
94363371-1;irIKuTg4h4
27391834-5;KNyxs0JehU
93981192-3;fLfvtgbGHR
65868742-5;kiNmRdXzS8
85838348-K;uzOmklff75
21100871-7;F6Cncx5TVQ
45209181-K;VHRQ4NHehC
62527368-4;i6QQZMkcIS
66097448-2;Aer7QC3a7q
49591434-8;vdsHz65NXj
40299621-8;uRGc8wDdib
59071693-6;hKTuvikBEI
39557569-4;47H10WrV5L
53067722-2;eQkDLFclaF
87738882-4;Rk2HwSqXaJ
65200657-4;5y5RIE1l3T
73256013-0;AWELgH5D6W
81444475-9;fFRSqS8hxM
92716134-6;1P3gEhCJXj
27842349-2;iyapuB73Dz
64650359-0;vKNULrfQvU
64180358-8;LLeT2nu5YO
72777493-9;T2OYJ0djVZ
82853271-5;jUVmiZvkr2
10607763-0;LmdHg8nZtJ
29156185-3;iQqVoQlYj6
76657297-9;LQf6vGyZBA
64826814-9;rLsp03XJhU
18989206-3;pmeHLqW1ju
76791265-K;nrTf69o4tk
23953347-7;rom60UFazX
99483437-1;FDa6VHKpXa
65329507-3;wxcmVcxSI4
33535730-2;WcWR4Thp38
48458995-K;2ElHwjJct9
41123391-K;ljPQRemPdQ
99550112-0;h4ApnApAxL
75565351-9;lNB3sTznPf
12998062-1;QfslIxuyW2
19102514-8;K96eGEJiMj
88147869-2;x5r7zeY2W0
98123163-5;Pfqoy95Zbz
72685351-7;ysZmyfStTm
50163372-0;wtCOvaGtI1
16968339-5;iswah3VZUx
40859396-4;AjAynQD4IK
41536332-K;e58QIXQo1K
71473387-7;Fmdze8grmJ
88466606-6;jq7REhWt1h
13756402-5;uGMPbcP40c
32217794-1;b6H2UKjVwb
49509897-4;Xkk3Pa1rXJ
51736932-2;w9opyeU4lR
58595935-9;JWQg6U9w9d
69967885-6;aCX7JBneF1
48731771-3;516VZpeEQq
15293154-9;sJL6SYiSnK
56487563-5;87B22B5Jux
92960565-9;HUnFJtSuRO
83129836-7;68bl8CoO2X
20272060-9;c3bgcvG7uw
42240832-0;OiDhTfYGQA
88734835-9;2cu35ZO1RP
66401796-2;gMJh6jyOtW
33141895-1;eJBqCSOoZv
27189402-3;1rHkXBfM1q
87929393-6;ZOsV1Uxfz6
25867929-6;Idx7Vnhp4y
13350592-K;KQZ1jxRUyL
36772949-K;5v5v4UouUR
33686178-0;Q30tWBZEv9
13619113-6;DrgP2hqKm8
99452114-4;2jTSrqXshk
71972835-9;A8tmnHjUuB
35087750-9;kduW44eVmX
15370478-3;FVk7t7FNQa
54360793-2;YPzgTwYwRf
10538331-2;t5ST3Z6ok0
23432979-0;6Y9EwYUcjS
30130498-6;Oi38nwoxwP
28793768-7;PIlkAbOm8e
58570609-4;nfAN3DEulO
53503663-2;5Y2feZulOp
33289541-9;sfRwo8HXcz
72081290-8;UTQQXOz66J
18639260-4;bI4hof2FFe
63462021-4;j9w7sceG6X
32278585-2;9rgAYk4Ruu
22691380-7;3KTAMTLEVr
63445676-7;Gl0BmPDnuy
23631068-K;WtnJQkqeBG
28484910-8;YiuWGxPONh
43595603-3;bQaiKCqVdI
54864027-K;a3DuETcve9
27930926-K;FCAuVQs9PE
21005205-4;jkmvVt28eC
42658071-3;1FplYS4Ij4
34648591-4;T0I6oLIo44
48534876-K;SxU7sULe3L
77706358-8;qTmuxW5A9C
76195460-1;SSP1AMutWo
96212066-0;gqfjGyon2F
25407846-8;2Wt4gRoCO7
83260343-0;Y5MYgHPigD
66448844-2;s9fiSFTpjb
40002589-4;qWaRvJTLU9
66212388-9;l1dNrkFM6a
33333333-3;testing
